ISO-10303-21;
HEADER;
/* Generated by software containing ST-Developer
 * from STEP Tools, Inc. (www.steptools.com) 
 */

FILE_DESCRIPTION(
/* description */ (''),
/* implementation_level */ '2;1');

FILE_NAME(
/* name */ 'SMI-1324-TW-5V-R-T-R.ipt.step',
/* time_stamp */ '2024-02-07T22:38:45-05:00',
/* author */ ('mckenna'),
/* organization */ (''),
/* preprocessor_version */ 'ST-DEVELOPER v20',
/* originating_system */ 'Autodesk Inventor 2024',
/* authorisation */ '');

FILE_SCHEMA (('AUTOMOTIVE_DESIGN { 1 0 10303 214 3 1 1 }'));
ENDSEC;

DATA;
#10=MECHANICAL_DESIGN_GEOMETRIC_PRESENTATION_REPRESENTATION('',(#1448,#1449,
#1450,#1451,#1452,#1453,#1454,#1455,#1456,#1457,#1458,#1459,#1460,#1461,
#1462,#1463,#1464,#1465,#1466,#1467,#1468,#1469,#1470,#1471,#1472,#1473,
#1474,#1475,#1476,#1477,#1478,#1479,#1480,#1481,#1482,#1483,#1484,#1485,
#1486,#1487,#1488,#1489,#1490,#1491,#1492,#1493,#1494,#1495,#1496,#1497,
#1498,#1499,#1500,#1501,#1502,#1503,#1504,#1505,#1506,#1507,#1508,#1509,
#1510,#1511,#1512,#1513,#1514,#1515,#1516,#1517,#1518,#1519,#1520,#1521,
#1522,#1523,#1524,#1525,#1526,#1527,#1528,#1529,#1530,#1531,#1532,#1533),
#2734);
#11=SHAPE_REPRESENTATION_RELATIONSHIP('SRR','None',#2741,#12);
#12=ADVANCED_BREP_SHAPE_REPRESENTATION('',(#43,#42),#2733);
#13=ORIENTED_CLOSED_SHELL('',*,#1620,.F.);
#14=B_SPLINE_SURFACE_WITH_KNOTS('',3,3,((#2542,#2543,#2544,#2545),(#2546,
#2547,#2548,#2549),(#2550,#2551,#2552,#2553),(#2554,#2555,#2556,#2557),
(#2558,#2559,#2560,#2561)),.UNSPECIFIED.,.F.,.F.,.F.,(4,1,4),(4,4),(0.,
0.5,1.),(0.,1.),.UNSPECIFIED.);
#15=B_SPLINE_SURFACE_WITH_KNOTS('',3,3,((#2565,#2566,#2567,#2568),(#2569,
#2570,#2571,#2572),(#2573,#2574,#2575,#2576),(#2577,#2578,#2579,#2580)),
 .UNSPECIFIED.,.F.,.F.,.F.,(4,4),(4,4),(0.,1.),(0.,1.),.UNSPECIFIED.);
#16=B_SPLINE_SURFACE_WITH_KNOTS('',3,3,((#2583,#2584,#2585,#2586),(#2587,
#2588,#2589,#2590),(#2591,#2592,#2593,#2594),(#2595,#2596,#2597,#2598)),
 .UNSPECIFIED.,.F.,.F.,.F.,(4,4),(4,4),(0.,1.),(0.,1.),.UNSPECIFIED.);
#17=B_SPLINE_SURFACE_WITH_KNOTS('',3,3,((#2602,#2603,#2604,#2605),(#2606,
#2607,#2608,#2609),(#2610,#2611,#2612,#2613),(#2614,#2615,#2616,#2617),
(#2618,#2619,#2620,#2621)),.UNSPECIFIED.,.F.,.F.,.F.,(4,1,4),(4,4),(0.,
0.5,1.),(0.,1.),.UNSPECIFIED.);
#18=B_SPLINE_SURFACE_WITH_KNOTS('',3,3,((#2624,#2625,#2626,#2627),(#2628,
#2629,#2630,#2631),(#2632,#2633,#2634,#2635),(#2636,#2637,#2638,#2639),
(#2640,#2641,#2642,#2643)),.UNSPECIFIED.,.F.,.F.,.F.,(4,1,4),(4,4),(0.,
0.571428571428571,1.),(0.,1.),.UNSPECIFIED.);
#19=B_SPLINE_SURFACE_WITH_KNOTS('',3,3,((#2645,#2646,#2647,#2648),(#2649,
#2650,#2651,#2652),(#2653,#2654,#2655,#2656),(#2657,#2658,#2659,#2660),
(#2661,#2662,#2663,#2664)),.UNSPECIFIED.,.F.,.F.,.F.,(4,1,4),(4,4),(0.,
0.5,1.),(0.,1.),.UNSPECIFIED.);
#20=FACE_BOUND('',#209,.T.);
#21=FACE_BOUND('',#210,.T.);
#22=FACE_BOUND('',#211,.T.);
#23=FACE_BOUND('',#263,.T.);
#24=FACE_BOUND('',#265,.T.);
#25=FACE_BOUND('',#267,.T.);
#26=FACE_BOUND('',#268,.T.);
#27=FACE_BOUND('',#285,.T.);
#28=B_SPLINE_CURVE_WITH_KNOTS('',3,(#2250,#2251,#2252,#2253,#2254),
 .UNSPECIFIED.,.F.,.F.,(4,1,4),(0.,0.5,1.),.UNSPECIFIED.);
#29=B_SPLINE_CURVE_WITH_KNOTS('',3,(#2256,#2257,#2258,#2259,#2260),
 .UNSPECIFIED.,.F.,.F.,(4,1,4),(0.,0.5,1.),.UNSPECIFIED.);
#30=B_SPLINE_CURVE_WITH_KNOTS('',3,(#2262,#2263,#2264,#2265),
 .UNSPECIFIED.,.F.,.F.,(4,4),(0.,1.),.UNSPECIFIED.);
#31=B_SPLINE_CURVE_WITH_KNOTS('',3,(#2267,#2268,#2269,#2270,#2271),
 .UNSPECIFIED.,.F.,.F.,(4,1,4),(0.,0.571428571428571,1.),.UNSPECIFIED.);
#32=B_SPLINE_CURVE_WITH_KNOTS('',3,(#2273,#2274,#2275,#2276),
 .UNSPECIFIED.,.F.,.F.,(4,4),(0.,1.),.UNSPECIFIED.);
#33=B_SPLINE_CURVE_WITH_KNOTS('',3,(#2277,#2278,#2279,#2280,#2281),
 .UNSPECIFIED.,.F.,.F.,(4,1,4),(0.,0.5,1.),.UNSPECIFIED.);
#34=B_SPLINE_CURVE_WITH_KNOTS('',3,(#2301,#2302,#2303,#2304,#2305,#2306,
#2307),.UNSPECIFIED.,.F.,.F.,(4,3,4),(0.0502356973034489,0.151608847903724,
0.252981998503998),.UNSPECIFIED.);
#35=B_SPLINE_CURVE_WITH_KNOTS('',3,(#2313,#2314,#2315,#2316,#2317,#2318,
#2319,#2320,#2321,#2322),.UNSPECIFIED.,.F.,.F.,(4,3,3,4),(0.0502516933412335,
0.108127494278582,0.236208526000796,0.253187021631135),.UNSPECIFIED.);
#36=B_SPLINE_CURVE_WITH_KNOTS('',3,(#2486,#2487,#2488,#2489),
 .UNSPECIFIED.,.F.,.F.,(4,4),(0.0883054932157118,0.105089587270552),
 .UNSPECIFIED.);
#37=B_SPLINE_CURVE_WITH_KNOTS('',3,(#2493,#2494,#2495,#2496,#2497,#2498,
#2499),.UNSPECIFIED.,.F.,.F.,(4,3,4),(0.0502248556862986,0.197075622026513,
0.25284323901017),.UNSPECIFIED.);
#38=B_SPLINE_CURVE_WITH_KNOTS('',3,(#2504,#2505,#2506,#2507),
 .UNSPECIFIED.,.F.,.F.,(4,4),(0.0475171938374493,0.0657519234816864),
 .UNSPECIFIED.);
#39=B_SPLINE_CURVE_WITH_KNOTS('',3,(#2510,#2511,#2512,#2513),
 .UNSPECIFIED.,.F.,.F.,(4,4),(0.0882105215088666,0.104969448931555),
 .UNSPECIFIED.);
#40=B_SPLINE_CURVE_WITH_KNOTS('',3,(#2517,#2518,#2519,#2520,#2521,#2522,
#2523),.UNSPECIFIED.,.F.,.F.,(4,3,4),(0.0502104377478354,0.151434690485764,
0.252658943223692),.UNSPECIFIED.);
#41=B_SPLINE_CURVE_WITH_KNOTS('',3,(#2528,#2529,#2530,#2531),
 .UNSPECIFIED.,.F.,.F.,(4,4),(0.0474997682935525,0.0657230663637866),
 .UNSPECIFIED.);
#42=BREP_WITH_VOIDS('Solid1',#1619,(#13));
#43=MANIFOLD_SOLID_BREP('Solid1',#1618);
#44=PLANE('',#1646);
#45=PLANE('',#1647);
#46=PLANE('',#1648);
#47=PLANE('',#1652);
#48=PLANE('',#1653);
#49=PLANE('',#1654);
#50=PLANE('',#1655);
#51=PLANE('',#1656);
#52=PLANE('',#1657);
#53=PLANE('',#1658);
#54=PLANE('',#1659);
#55=PLANE('',#1660);
#56=PLANE('',#1661);
#57=PLANE('',#1662);
#58=PLANE('',#1663);
#59=PLANE('',#1664);
#60=PLANE('',#1665);
#61=PLANE('',#1666);
#62=PLANE('',#1667);
#63=PLANE('',#1668);
#64=PLANE('',#1669);
#65=PLANE('',#1670);
#66=PLANE('',#1671);
#67=PLANE('',#1672);
#68=PLANE('',#1673);
#69=PLANE('',#1674);
#70=PLANE('',#1675);
#71=PLANE('',#1676);
#72=PLANE('',#1677);
#73=PLANE('',#1678);
#74=PLANE('',#1679);
#75=PLANE('',#1683);
#76=PLANE('',#1687);
#77=PLANE('',#1691);
#78=PLANE('',#1698);
#79=PLANE('',#1700);
#80=PLANE('',#1706);
#81=PLANE('',#1708);
#82=PLANE('',#1711);
#83=PLANE('',#1712);
#84=PLANE('',#1713);
#85=PLANE('',#1714);
#86=PLANE('',#1715);
#87=PLANE('',#1716);
#88=PLANE('',#1717);
#89=PLANE('',#1718);
#90=PLANE('',#1719);
#91=PLANE('',#1720);
#92=PLANE('',#1721);
#93=PLANE('',#1722);
#94=PLANE('',#1723);
#95=PLANE('',#1724);
#96=PLANE('',#1725);
#97=PLANE('',#1726);
#98=PLANE('',#1728);
#99=PLANE('',#1732);
#100=PLANE('',#1734);
#101=PLANE('',#1735);
#102=PLANE('',#1737);
#103=PLANE('',#1738);
#104=PLANE('',#1739);
#105=PLANE('',#1740);
#106=PLANE('',#1741);
#107=PLANE('',#1742);
#108=PLANE('',#1743);
#109=PLANE('',#1746);
#110=FACE_OUTER_BOUND('',#194,.T.);
#111=FACE_OUTER_BOUND('',#195,.T.);
#112=FACE_OUTER_BOUND('',#196,.T.);
#113=FACE_OUTER_BOUND('',#197,.T.);
#114=FACE_OUTER_BOUND('',#198,.T.);
#115=FACE_OUTER_BOUND('',#199,.T.);
#116=FACE_OUTER_BOUND('',#200,.T.);
#117=FACE_OUTER_BOUND('',#201,.T.);
#118=FACE_OUTER_BOUND('',#202,.T.);
#119=FACE_OUTER_BOUND('',#203,.T.);
#120=FACE_OUTER_BOUND('',#204,.T.);
#121=FACE_OUTER_BOUND('',#205,.T.);
#122=FACE_OUTER_BOUND('',#206,.T.);
#123=FACE_OUTER_BOUND('',#207,.T.);
#124=FACE_OUTER_BOUND('',#208,.T.);
#125=FACE_OUTER_BOUND('',#212,.T.);
#126=FACE_OUTER_BOUND('',#213,.T.);
#127=FACE_OUTER_BOUND('',#214,.T.);
#128=FACE_OUTER_BOUND('',#215,.T.);
#129=FACE_OUTER_BOUND('',#216,.T.);
#130=FACE_OUTER_BOUND('',#217,.T.);
#131=FACE_OUTER_BOUND('',#218,.T.);
#132=FACE_OUTER_BOUND('',#219,.T.);
#133=FACE_OUTER_BOUND('',#220,.T.);
#134=FACE_OUTER_BOUND('',#221,.T.);
#135=FACE_OUTER_BOUND('',#222,.T.);
#136=FACE_OUTER_BOUND('',#223,.T.);
#137=FACE_OUTER_BOUND('',#224,.T.);
#138=FACE_OUTER_BOUND('',#225,.T.);
#139=FACE_OUTER_BOUND('',#226,.T.);
#140=FACE_OUTER_BOUND('',#227,.T.);
#141=FACE_OUTER_BOUND('',#228,.T.);
#142=FACE_OUTER_BOUND('',#229,.T.);
#143=FACE_OUTER_BOUND('',#230,.T.);
#144=FACE_OUTER_BOUND('',#231,.T.);
#145=FACE_OUTER_BOUND('',#232,.T.);
#146=FACE_OUTER_BOUND('',#233,.T.);
#147=FACE_OUTER_BOUND('',#234,.T.);
#148=FACE_OUTER_BOUND('',#235,.T.);
#149=FACE_OUTER_BOUND('',#236,.T.);
#150=FACE_OUTER_BOUND('',#237,.T.);
#151=FACE_OUTER_BOUND('',#238,.T.);
#152=FACE_OUTER_BOUND('',#239,.T.);
#153=FACE_OUTER_BOUND('',#240,.T.);
#154=FACE_OUTER_BOUND('',#241,.T.);
#155=FACE_OUTER_BOUND('',#242,.T.);
#156=FACE_OUTER_BOUND('',#243,.T.);
#157=FACE_OUTER_BOUND('',#244,.T.);
#158=FACE_OUTER_BOUND('',#245,.T.);
#159=FACE_OUTER_BOUND('',#246,.T.);
#160=FACE_OUTER_BOUND('',#247,.T.);
#161=FACE_OUTER_BOUND('',#248,.T.);
#162=FACE_OUTER_BOUND('',#249,.T.);
#163=FACE_OUTER_BOUND('',#250,.T.);
#164=FACE_OUTER_BOUND('',#251,.T.);
#165=FACE_OUTER_BOUND('',#252,.T.);
#166=FACE_OUTER_BOUND('',#253,.T.);
#167=FACE_OUTER_BOUND('',#254,.T.);
#168=FACE_OUTER_BOUND('',#255,.T.);
#169=FACE_OUTER_BOUND('',#256,.T.);
#170=FACE_OUTER_BOUND('',#257,.T.);
#171=FACE_OUTER_BOUND('',#258,.T.);
#172=FACE_OUTER_BOUND('',#259,.T.);
#173=FACE_OUTER_BOUND('',#260,.T.);
#174=FACE_OUTER_BOUND('',#261,.T.);
#175=FACE_OUTER_BOUND('',#262,.T.);
#176=FACE_OUTER_BOUND('',#264,.T.);
#177=FACE_OUTER_BOUND('',#266,.T.);
#178=FACE_OUTER_BOUND('',#269,.T.);
#179=FACE_OUTER_BOUND('',#270,.T.);
#180=FACE_OUTER_BOUND('',#271,.T.);
#181=FACE_OUTER_BOUND('',#272,.T.);
#182=FACE_OUTER_BOUND('',#273,.T.);
#183=FACE_OUTER_BOUND('',#274,.T.);
#184=FACE_OUTER_BOUND('',#275,.T.);
#185=FACE_OUTER_BOUND('',#276,.T.);
#186=FACE_OUTER_BOUND('',#277,.T.);
#187=FACE_OUTER_BOUND('',#278,.T.);
#188=FACE_OUTER_BOUND('',#279,.T.);
#189=FACE_OUTER_BOUND('',#280,.T.);
#190=FACE_OUTER_BOUND('',#281,.T.);
#191=FACE_OUTER_BOUND('',#282,.T.);
#192=FACE_OUTER_BOUND('',#283,.T.);
#193=FACE_OUTER_BOUND('',#284,.T.);
#194=EDGE_LOOP('',(#1008,#1009,#1010,#1011));
#195=EDGE_LOOP('',(#1012));
#196=EDGE_LOOP('',(#1013));
#197=EDGE_LOOP('',(#1014,#1015,#1016,#1017,#1018,#1019,#1020,#1021,#1022,
#1023,#1024,#1025));
#198=EDGE_LOOP('',(#1026,#1027,#1028,#1029));
#199=EDGE_LOOP('',(#1030,#1031,#1032,#1033));
#200=EDGE_LOOP('',(#1034,#1035,#1036,#1037));
#201=EDGE_LOOP('',(#1038,#1039,#1040,#1041));
#202=EDGE_LOOP('',(#1042,#1043,#1044,#1045,#1046,#1047,#1048,#1049,#1050,
#1051));
#203=EDGE_LOOP('',(#1052,#1053,#1054,#1055,#1056,#1057,#1058,#1059));
#204=EDGE_LOOP('',(#1060,#1061,#1062,#1063));
#205=EDGE_LOOP('',(#1064,#1065,#1066,#1067));
#206=EDGE_LOOP('',(#1068,#1069,#1070,#1071));
#207=EDGE_LOOP('',(#1072,#1073,#1074,#1075));
#208=EDGE_LOOP('',(#1076,#1077,#1078,#1079,#1080,#1081));
#209=EDGE_LOOP('',(#1082,#1083,#1084,#1085,#1086,#1087));
#210=EDGE_LOOP('',(#1088,#1089,#1090,#1091));
#211=EDGE_LOOP('',(#1092,#1093,#1094,#1095));
#212=EDGE_LOOP('',(#1096,#1097,#1098,#1099));
#213=EDGE_LOOP('',(#1100,#1101,#1102,#1103));
#214=EDGE_LOOP('',(#1104,#1105,#1106,#1107));
#215=EDGE_LOOP('',(#1108,#1109,#1110,#1111,#1112,#1113,#1114,#1115,#1116,
#1117));
#216=EDGE_LOOP('',(#1118,#1119,#1120,#1121,#1122,#1123,#1124,#1125,#1126,
#1127));
#217=EDGE_LOOP('',(#1128,#1129,#1130,#1131,#1132,#1133,#1134,#1135));
#218=EDGE_LOOP('',(#1136,#1137,#1138,#1139));
#219=EDGE_LOOP('',(#1140,#1141,#1142,#1143));
#220=EDGE_LOOP('',(#1144,#1145,#1146,#1147));
#221=EDGE_LOOP('',(#1148,#1149,#1150,#1151));
#222=EDGE_LOOP('',(#1152,#1153,#1154,#1155));
#223=EDGE_LOOP('',(#1156,#1157,#1158,#1159));
#224=EDGE_LOOP('',(#1160,#1161,#1162,#1163));
#225=EDGE_LOOP('',(#1164,#1165,#1166,#1167));
#226=EDGE_LOOP('',(#1168,#1169,#1170,#1171));
#227=EDGE_LOOP('',(#1172,#1173,#1174,#1175));
#228=EDGE_LOOP('',(#1176,#1177,#1178,#1179));
#229=EDGE_LOOP('',(#1180,#1181,#1182,#1183));
#230=EDGE_LOOP('',(#1184,#1185,#1186,#1187));
#231=EDGE_LOOP('',(#1188,#1189,#1190,#1191));
#232=EDGE_LOOP('',(#1192,#1193,#1194,#1195));
#233=EDGE_LOOP('',(#1196,#1197,#1198,#1199));
#234=EDGE_LOOP('',(#1200,#1201,#1202,#1203));
#235=EDGE_LOOP('',(#1204,#1205,#1206,#1207));
#236=EDGE_LOOP('',(#1208,#1209,#1210,#1211));
#237=EDGE_LOOP('',(#1212,#1213,#1214,#1215,#1216,#1217,#1218,#1219,#1220,
#1221));
#238=EDGE_LOOP('',(#1222,#1223,#1224,#1225));
#239=EDGE_LOOP('',(#1226,#1227,#1228,#1229));
#240=EDGE_LOOP('',(#1230,#1231,#1232,#1233));
#241=EDGE_LOOP('',(#1234,#1235,#1236,#1237,#1238,#1239,#1240,#1241,#1242,
#1243));
#242=EDGE_LOOP('',(#1244,#1245,#1246,#1247));
#243=EDGE_LOOP('',(#1248,#1249,#1250,#1251));
#244=EDGE_LOOP('',(#1252,#1253,#1254,#1255));
#245=EDGE_LOOP('',(#1256,#1257,#1258,#1259));
#246=EDGE_LOOP('',(#1260,#1261,#1262,#1263,#1264,#1265,#1266,#1267,#1268,
#1269));
#247=EDGE_LOOP('',(#1270,#1271,#1272,#1273));
#248=EDGE_LOOP('',(#1274,#1275,#1276,#1277));
#249=EDGE_LOOP('',(#1278,#1279,#1280,#1281));
#250=EDGE_LOOP('',(#1282,#1283,#1284,#1285,#1286,#1287,#1288,#1289,#1290,
#1291));
#251=EDGE_LOOP('',(#1292,#1293,#1294,#1295));
#252=EDGE_LOOP('',(#1296,#1297,#1298,#1299));
#253=EDGE_LOOP('',(#1300,#1301,#1302,#1303));
#254=EDGE_LOOP('',(#1304,#1305,#1306,#1307));
#255=EDGE_LOOP('',(#1308,#1309,#1310,#1311,#1312,#1313,#1314,#1315));
#256=EDGE_LOOP('',(#1316,#1317,#1318,#1319));
#257=EDGE_LOOP('',(#1320,#1321,#1322,#1323));
#258=EDGE_LOOP('',(#1324,#1325,#1326,#1327));
#259=EDGE_LOOP('',(#1328,#1329,#1330,#1331));
#260=EDGE_LOOP('',(#1332,#1333,#1334,#1335));
#261=EDGE_LOOP('',(#1336,#1337,#1338,#1339));
#262=EDGE_LOOP('',(#1340,#1341,#1342,#1343));
#263=EDGE_LOOP('',(#1344,#1345,#1346,#1347));
#264=EDGE_LOOP('',(#1348,#1349,#1350,#1351));
#265=EDGE_LOOP('',(#1352,#1353,#1354,#1355));
#266=EDGE_LOOP('',(#1356,#1357,#1358,#1359,#1360,#1361));
#267=EDGE_LOOP('',(#1362,#1363,#1364,#1365));
#268=EDGE_LOOP('',(#1366,#1367,#1368,#1369));
#269=EDGE_LOOP('',(#1370,#1371));
#270=EDGE_LOOP('',(#1372,#1373,#1374,#1375));
#271=EDGE_LOOP('',(#1376,#1377,#1378,#1379,#1380,#1381));
#272=EDGE_LOOP('',(#1382,#1383,#1384,#1385));
#273=EDGE_LOOP('',(#1386,#1387,#1388,#1389));
#274=EDGE_LOOP('',(#1390,#1391,#1392,#1393));
#275=EDGE_LOOP('',(#1394));
#276=EDGE_LOOP('',(#1395,#1396,#1397,#1398,#1399,#1400));
#277=EDGE_LOOP('',(#1401,#1402,#1403,#1404));
#278=EDGE_LOOP('',(#1405,#1406,#1407,#1408));
#279=EDGE_LOOP('',(#1409,#1410,#1411,#1412));
#280=EDGE_LOOP('',(#1413,#1414,#1415,#1416));
#281=EDGE_LOOP('',(#1417,#1418,#1419,#1420));
#282=EDGE_LOOP('',(#1421,#1422,#1423,#1424));
#283=EDGE_LOOP('',(#1425,#1426,#1427,#1428));
#284=EDGE_LOOP('',(#1429,#1430,#1431,#1432,#1433,#1434));
#285=EDGE_LOOP('',(#1435));
#286=LINE('',#2136,#460);
#287=LINE('',#2145,#461);
#288=LINE('',#2147,#462);
#289=LINE('',#2149,#463);
#290=LINE('',#2151,#464);
#291=LINE('',#2153,#465);
#292=LINE('',#2155,#466);
#293=LINE('',#2157,#467);
#294=LINE('',#2161,#468);
#295=LINE('',#2164,#469);
#296=LINE('',#2167,#470);
#297=LINE('',#2169,#471);
#298=LINE('',#2170,#472);
#299=LINE('',#2173,#473);
#300=LINE('',#2174,#474);
#301=LINE('',#2177,#475);
#302=LINE('',#2179,#476);
#303=LINE('',#2180,#477);
#304=LINE('',#2183,#478);
#305=LINE('',#2184,#479);
#306=LINE('',#2188,#480);
#307=LINE('',#2189,#481);
#308=LINE('',#2190,#482);
#309=LINE('',#2192,#483);
#310=LINE('',#2194,#484);
#311=LINE('',#2195,#485);
#312=LINE('',#2199,#486);
#313=LINE('',#2201,#487);
#314=LINE('',#2203,#488);
#315=LINE('',#2205,#489);
#316=LINE('',#2207,#490);
#317=LINE('',#2209,#491);
#318=LINE('',#2211,#492);
#319=LINE('',#2212,#493);
#320=LINE('',#2216,#494);
#321=LINE('',#2218,#495);
#322=LINE('',#2220,#496);
#323=LINE('',#2221,#497);
#324=LINE('',#2225,#498);
#325=LINE('',#2227,#499);
#326=LINE('',#2229,#500);
#327=LINE('',#2230,#501);
#328=LINE('',#2232,#502);
#329=LINE('',#2234,#503);
#330=LINE('',#2235,#504);
#331=LINE('',#2237,#505);
#332=LINE('',#2239,#506);
#333=LINE('',#2240,#507);
#334=LINE('',#2242,#508);
#335=LINE('',#2244,#509);
#336=LINE('',#2246,#510);
#337=LINE('',#2247,#511);
#338=LINE('',#2284,#512);
#339=LINE('',#2286,#513);
#340=LINE('',#2288,#514);
#341=LINE('',#2289,#515);
#342=LINE('',#2292,#516);
#343=LINE('',#2294,#517);
#344=LINE('',#2296,#518);
#345=LINE('',#2297,#519);
#346=LINE('',#2308,#520);
#347=LINE('',#2309,#521);
#348=LINE('',#2323,#522);
#349=LINE('',#2324,#523);
#350=LINE('',#2326,#524);
#351=LINE('',#2329,#525);
#352=LINE('',#2330,#526);
#353=LINE('',#2332,#527);
#354=LINE('',#2334,#528);
#355=LINE('',#2335,#529);
#356=LINE('',#2338,#530);
#357=LINE('',#2340,#531);
#358=LINE('',#2342,#532);
#359=LINE('',#2343,#533);
#360=LINE('',#2344,#534);
#361=LINE('',#2347,#535);
#362=LINE('',#2349,#536);
#363=LINE('',#2350,#537);
#364=LINE('',#2353,#538);
#365=LINE('',#2355,#539);
#366=LINE('',#2356,#540);
#367=LINE('',#2358,#541);
#368=LINE('',#2360,#542);
#369=LINE('',#2362,#543);
#370=LINE('',#2363,#544);
#371=LINE('',#2369,#545);
#372=LINE('',#2371,#546);
#373=LINE('',#2373,#547);
#374=LINE('',#2374,#548);
#375=LINE('',#2378,#549);
#376=LINE('',#2380,#550);
#377=LINE('',#2382,#551);
#378=LINE('',#2383,#552);
#379=LINE('',#2386,#553);
#380=LINE('',#2388,#554);
#381=LINE('',#2389,#555);
#382=LINE('',#2393,#556);
#383=LINE('',#2394,#557);
#384=LINE('',#2395,#558);
#385=LINE('',#2399,#559);
#386=LINE('',#2400,#560);
#387=LINE('',#2401,#561);
#388=LINE('',#2407,#562);
#389=LINE('',#2411,#563);
#390=LINE('',#2412,#564);
#391=LINE('',#2413,#565);
#392=LINE('',#2419,#566);
#393=LINE('',#2423,#567);
#394=LINE('',#2424,#568);
#395=LINE('',#2425,#569);
#396=LINE('',#2431,#570);
#397=LINE('',#2435,#571);
#398=LINE('',#2436,#572);
#399=LINE('',#2437,#573);
#400=LINE('',#2443,#574);
#401=LINE('',#2449,#575);
#402=LINE('',#2452,#576);
#403=LINE('',#2454,#577);
#404=LINE('',#2458,#578);
#405=LINE('',#2459,#579);
#406=LINE('',#2462,#580);
#407=LINE('',#2469,#581);
#408=LINE('',#2472,#582);
#409=LINE('',#2474,#583);
#410=LINE('',#2478,#584);
#411=LINE('',#2479,#585);
#412=LINE('',#2482,#586);
#413=LINE('',#2490,#587);
#414=LINE('',#2500,#588);
#415=LINE('',#2502,#589);
#416=LINE('',#2514,#590);
#417=LINE('',#2524,#591);
#418=LINE('',#2526,#592);
#419=LINE('',#2533,#593);
#420=LINE('',#2535,#594);
#421=LINE('',#2537,#595);
#422=LINE('',#2539,#596);
#423=LINE('',#2562,#597);
#424=LINE('',#2563,#598);
#425=LINE('',#2564,#599);
#426=LINE('',#2581,#600);
#427=LINE('',#2582,#601);
#428=LINE('',#2599,#602);
#429=LINE('',#2600,#603);
#430=LINE('',#2601,#604);
#431=LINE('',#2622,#605);
#432=LINE('',#2623,#606);
#433=LINE('',#2644,#607);
#434=LINE('',#2665,#608);
#435=LINE('',#2672,#609);
#436=LINE('',#2676,#610);
#437=LINE('',#2679,#611);
#438=LINE('',#2680,#612);
#439=LINE('',#2682,#613);
#440=LINE('',#2684,#614);
#441=LINE('',#2692,#615);
#442=LINE('',#2694,#616);
#443=LINE('',#2696,#617);
#444=LINE('',#2698,#618);
#445=LINE('',#2700,#619);
#446=LINE('',#2701,#620);
#447=LINE('',#2704,#621);
#448=LINE('',#2706,#622);
#449=LINE('',#2707,#623);
#450=LINE('',#2710,#624);
#451=LINE('',#2711,#625);
#452=LINE('',#2714,#626);
#453=LINE('',#2715,#627);
#454=LINE('',#2718,#628);
#455=LINE('',#2719,#629);
#456=LINE('',#2722,#630);
#457=LINE('',#2723,#631);
#458=LINE('',#2725,#632);
#459=LINE('',#2728,#633);
#460=VECTOR('',#1753,5.5);
#461=VECTOR('',#1764,10.);
#462=VECTOR('',#1765,10.);
#463=VECTOR('',#1766,10.);
#464=VECTOR('',#1767,10.);
#465=VECTOR('',#1768,10.);
#466=VECTOR('',#1769,10.);
#467=VECTOR('',#1770,10.);
#468=VECTOR('',#1773,10.);
#469=VECTOR('',#1776,10.);
#470=VECTOR('',#1779,10.);
#471=VECTOR('',#1780,10.);
#472=VECTOR('',#1781,10.);
#473=VECTOR('',#1784,10.);
#474=VECTOR('',#1785,10.);
#475=VECTOR('',#1788,10.);
#476=VECTOR('',#1789,10.);
#477=VECTOR('',#1790,10.);
#478=VECTOR('',#1793,10.);
#479=VECTOR('',#1794,10.);
#480=VECTOR('',#1797,10.);
#481=VECTOR('',#1798,10.);
#482=VECTOR('',#1799,10.);
#483=VECTOR('',#1800,10.);
#484=VECTOR('',#1801,10.);
#485=VECTOR('',#1802,10.);
#486=VECTOR('',#1805,10.);
#487=VECTOR('',#1806,10.);
#488=VECTOR('',#1807,10.);
#489=VECTOR('',#1808,10.);
#490=VECTOR('',#1809,10.);
#491=VECTOR('',#1810,10.);
#492=VECTOR('',#1811,10.);
#493=VECTOR('',#1812,10.);
#494=VECTOR('',#1815,10.);
#495=VECTOR('',#1816,10.);
#496=VECTOR('',#1817,10.);
#497=VECTOR('',#1818,10.);
#498=VECTOR('',#1821,10.);
#499=VECTOR('',#1822,10.);
#500=VECTOR('',#1823,10.);
#501=VECTOR('',#1824,10.);
#502=VECTOR('',#1827,10.);
#503=VECTOR('',#1828,10.);
#504=VECTOR('',#1829,10.);
#505=VECTOR('',#1832,10.);
#506=VECTOR('',#1833,10.);
#507=VECTOR('',#1834,10.);
#508=VECTOR('',#1837,10.);
#509=VECTOR('',#1838,10.);
#510=VECTOR('',#1839,10.);
#511=VECTOR('',#1840,10.);
#512=VECTOR('',#1841,10.);
#513=VECTOR('',#1842,10.);
#514=VECTOR('',#1843,10.);
#515=VECTOR('',#1844,10.);
#516=VECTOR('',#1845,10.);
#517=VECTOR('',#1846,10.);
#518=VECTOR('',#1847,10.);
#519=VECTOR('',#1848,10.);
#520=VECTOR('',#1851,10.);
#521=VECTOR('',#1852,10.);
#522=VECTOR('',#1855,10.);
#523=VECTOR('',#1856,10.);
#524=VECTOR('',#1859,10.);
#525=VECTOR('',#1862,10.);
#526=VECTOR('',#1863,10.);
#527=VECTOR('',#1864,10.);
#528=VECTOR('',#1865,10.);
#529=VECTOR('',#1866,10.);
#530=VECTOR('',#1869,10.);
#531=VECTOR('',#1870,10.);
#532=VECTOR('',#1871,10.);
#533=VECTOR('',#1872,10.);
#534=VECTOR('',#1873,10.);
#535=VECTOR('',#1876,10.);
#536=VECTOR('',#1877,10.);
#537=VECTOR('',#1878,10.);
#538=VECTOR('',#1881,10.);
#539=VECTOR('',#1882,10.);
#540=VECTOR('',#1883,10.);
#541=VECTOR('',#1886,10.);
#542=VECTOR('',#1889,10.);
#543=VECTOR('',#1892,10.);
#544=VECTOR('',#1893,10.);
#545=VECTOR('',#1900,10.);
#546=VECTOR('',#1901,10.);
#547=VECTOR('',#1902,10.);
#548=VECTOR('',#1903,10.);
#549=VECTOR('',#1906,10.);
#550=VECTOR('',#1907,10.);
#551=VECTOR('',#1908,10.);
#552=VECTOR('',#1909,10.);
#553=VECTOR('',#1912,10.);
#554=VECTOR('',#1913,10.);
#555=VECTOR('',#1914,10.);
#556=VECTOR('',#1917,10.);
#557=VECTOR('',#1918,10.);
#558=VECTOR('',#1919,10.);
#559=VECTOR('',#1922,10.);
#560=VECTOR('',#1923,10.);
#561=VECTOR('',#1924,10.);
#562=VECTOR('',#1931,10.);
#563=VECTOR('',#1934,10.);
#564=VECTOR('',#1935,10.);
#565=VECTOR('',#1936,10.);
#566=VECTOR('',#1943,10.);
#567=VECTOR('',#1946,10.);
#568=VECTOR('',#1947,10.);
#569=VECTOR('',#1948,10.);
#570=VECTOR('',#1955,10.);
#571=VECTOR('',#1958,10.);
#572=VECTOR('',#1959,10.);
#573=VECTOR('',#1960,10.);
#574=VECTOR('',#1967,10.);
#575=VECTOR('',#1974,10.);
#576=VECTOR('',#1977,10.);
#577=VECTOR('',#1978,10.);
#578=VECTOR('',#1983,10.);
#579=VECTOR('',#1984,10.);
#580=VECTOR('',#1987,10.);
#581=VECTOR('',#1996,10.);
#582=VECTOR('',#1999,10.);
#583=VECTOR('',#2000,10.);
#584=VECTOR('',#2005,10.);
#585=VECTOR('',#2006,10.);
#586=VECTOR('',#2009,10.);
#587=VECTOR('',#2014,10.);
#588=VECTOR('',#2017,10.);
#589=VECTOR('',#2020,10.);
#590=VECTOR('',#2025,10.);
#591=VECTOR('',#2028,10.);
#592=VECTOR('',#2031,10.);
#593=VECTOR('',#2036,10.);
#594=VECTOR('',#2039,10.);
#595=VECTOR('',#2042,10.);
#596=VECTOR('',#2045,10.);
#597=VECTOR('',#2050,6.38676725492287);
#598=VECTOR('',#2051,10.);
#599=VECTOR('',#2052,7.48475384427256);
#600=VECTOR('',#2053,6.38664253158812);
#601=VECTOR('',#2054,10.);
#602=VECTOR('',#2055,6.38676725492288);
#603=VECTOR('',#2056,10.);
#604=VECTOR('',#2057,6.38664253158812);
#605=VECTOR('',#2058,7.48475384427256);
#606=VECTOR('',#2059,10.);
#607=VECTOR('',#2060,10.);
#608=VECTOR('',#2061,10.);
#609=VECTOR('',#2070,10.);
#610=VECTOR('',#2073,10.);
#611=VECTOR('',#2078,10.);
#612=VECTOR('',#2079,10.);
#613=VECTOR('',#2082,10.);
#614=VECTOR('',#2085,10.);
#615=VECTOR('',#2094,10.);
#616=VECTOR('',#2095,10.);
#617=VECTOR('',#2096,10.);
#618=VECTOR('',#2097,10.);
#619=VECTOR('',#2098,10.);
#620=VECTOR('',#2099,10.);
#621=VECTOR('',#2102,10.);
#622=VECTOR('',#2103,10.);
#623=VECTOR('',#2104,10.);
#624=VECTOR('',#2107,10.);
#625=VECTOR('',#2108,10.);
#626=VECTOR('',#2111,10.);
#627=VECTOR('',#2112,10.);
#628=VECTOR('',#2115,10.);
#629=VECTOR('',#2116,10.);
#630=VECTOR('',#2119,10.);
#631=VECTOR('',#2120,10.);
#632=VECTOR('',#2123,10.);
#633=VECTOR('',#2126,1.1);
#634=CIRCLE('',#1644,5.5);
#635=CIRCLE('',#1645,5.5);
#636=CIRCLE('',#1649,1.625);
#637=CIRCLE('',#1650,1.625);
#638=CIRCLE('',#1651,4.);
#639=CIRCLE('',#1681,0.25);
#640=CIRCLE('',#1682,0.25);
#641=CIRCLE('',#1685,0.25);
#642=CIRCLE('',#1686,0.25);
#643=CIRCLE('',#1689,0.25);
#644=CIRCLE('',#1690,0.25);
#645=CIRCLE('',#1693,0.25);
#646=CIRCLE('',#1694,0.25);
#647=CIRCLE('',#1696,0.5);
#648=CIRCLE('',#1697,0.5);
#649=CIRCLE('',#1699,0.5);
#650=CIRCLE('',#1702,0.5);
#651=CIRCLE('',#1704,0.5);
#652=CIRCLE('',#1705,0.5);
#653=CIRCLE('',#1707,0.5);
#654=CIRCLE('',#1710,0.5);
#655=CIRCLE('',#1727,1.625);
#656=CIRCLE('',#1729,1.625);
#657=CIRCLE('',#1730,4.);
#658=CIRCLE('',#1736,1.1);
#659=CIRCLE('',#1745,1.1);
#660=VERTEX_POINT('',#2133);
#661=VERTEX_POINT('',#2135);
#662=VERTEX_POINT('',#2141);
#663=VERTEX_POINT('',#2142);
#664=VERTEX_POINT('',#2144);
#665=VERTEX_POINT('',#2146);
#666=VERTEX_POINT('',#2148);
#667=VERTEX_POINT('',#2150);
#668=VERTEX_POINT('',#2152);
#669=VERTEX_POINT('',#2154);
#670=VERTEX_POINT('',#2156);
#671=VERTEX_POINT('',#2158);
#672=VERTEX_POINT('',#2160);
#673=VERTEX_POINT('',#2162);
#674=VERTEX_POINT('',#2166);
#675=VERTEX_POINT('',#2168);
#676=VERTEX_POINT('',#2172);
#677=VERTEX_POINT('',#2176);
#678=VERTEX_POINT('',#2178);
#679=VERTEX_POINT('',#2182);
#680=VERTEX_POINT('',#2186);
#681=VERTEX_POINT('',#2187);
#682=VERTEX_POINT('',#2191);
#683=VERTEX_POINT('',#2193);
#684=VERTEX_POINT('',#2197);
#685=VERTEX_POINT('',#2198);
#686=VERTEX_POINT('',#2200);
#687=VERTEX_POINT('',#2202);
#688=VERTEX_POINT('',#2204);
#689=VERTEX_POINT('',#2206);
#690=VERTEX_POINT('',#2208);
#691=VERTEX_POINT('',#2210);
#692=VERTEX_POINT('',#2214);
#693=VERTEX_POINT('',#2215);
#694=VERTEX_POINT('',#2217);
#695=VERTEX_POINT('',#2219);
#696=VERTEX_POINT('',#2223);
#697=VERTEX_POINT('',#2224);
#698=VERTEX_POINT('',#2226);
#699=VERTEX_POINT('',#2228);
#700=VERTEX_POINT('',#2233);
#701=VERTEX_POINT('',#2238);
#702=VERTEX_POINT('',#2243);
#703=VERTEX_POINT('',#2245);
#704=VERTEX_POINT('',#2248);
#705=VERTEX_POINT('',#2249);
#706=VERTEX_POINT('',#2255);
#707=VERTEX_POINT('',#2261);
#708=VERTEX_POINT('',#2266);
#709=VERTEX_POINT('',#2272);
#710=VERTEX_POINT('',#2282);
#711=VERTEX_POINT('',#2283);
#712=VERTEX_POINT('',#2285);
#713=VERTEX_POINT('',#2287);
#714=VERTEX_POINT('',#2290);
#715=VERTEX_POINT('',#2291);
#716=VERTEX_POINT('',#2293);
#717=VERTEX_POINT('',#2295);
#718=VERTEX_POINT('',#2299);
#719=VERTEX_POINT('',#2300);
#720=VERTEX_POINT('',#2311);
#721=VERTEX_POINT('',#2312);
#722=VERTEX_POINT('',#2328);
#723=VERTEX_POINT('',#2331);
#724=VERTEX_POINT('',#2333);
#725=VERTEX_POINT('',#2337);
#726=VERTEX_POINT('',#2339);
#727=VERTEX_POINT('',#2341);
#728=VERTEX_POINT('',#2346);
#729=VERTEX_POINT('',#2348);
#730=VERTEX_POINT('',#2352);
#731=VERTEX_POINT('',#2354);
#732=VERTEX_POINT('',#2367);
#733=VERTEX_POINT('',#2368);
#734=VERTEX_POINT('',#2370);
#735=VERTEX_POINT('',#2372);
#736=VERTEX_POINT('',#2376);
#737=VERTEX_POINT('',#2377);
#738=VERTEX_POINT('',#2379);
#739=VERTEX_POINT('',#2381);
#740=VERTEX_POINT('',#2385);
#741=VERTEX_POINT('',#2387);
#742=VERTEX_POINT('',#2391);
#743=VERTEX_POINT('',#2392);
#744=VERTEX_POINT('',#2397);
#745=VERTEX_POINT('',#2398);
#746=VERTEX_POINT('',#2403);
#747=VERTEX_POINT('',#2405);
#748=VERTEX_POINT('',#2409);
#749=VERTEX_POINT('',#2410);
#750=VERTEX_POINT('',#2415);
#751=VERTEX_POINT('',#2417);
#752=VERTEX_POINT('',#2421);
#753=VERTEX_POINT('',#2422);
#754=VERTEX_POINT('',#2427);
#755=VERTEX_POINT('',#2429);
#756=VERTEX_POINT('',#2433);
#757=VERTEX_POINT('',#2434);
#758=VERTEX_POINT('',#2439);
#759=VERTEX_POINT('',#2441);
#760=VERTEX_POINT('',#2445);
#761=VERTEX_POINT('',#2447);
#762=VERTEX_POINT('',#2451);
#763=VERTEX_POINT('',#2453);
#764=VERTEX_POINT('',#2457);
#765=VERTEX_POINT('',#2461);
#766=VERTEX_POINT('',#2465);
#767=VERTEX_POINT('',#2467);
#768=VERTEX_POINT('',#2471);
#769=VERTEX_POINT('',#2473);
#770=VERTEX_POINT('',#2477);
#771=VERTEX_POINT('',#2481);
#772=VERTEX_POINT('',#2485);
#773=VERTEX_POINT('',#2492);
#774=VERTEX_POINT('',#2509);
#775=VERTEX_POINT('',#2516);
#776=VERTEX_POINT('',#2670);
#777=VERTEX_POINT('',#2671);
#778=VERTEX_POINT('',#2673);
#779=VERTEX_POINT('',#2675);
#780=VERTEX_POINT('',#2687);
#781=VERTEX_POINT('',#2690);
#782=VERTEX_POINT('',#2691);
#783=VERTEX_POINT('',#2693);
#784=VERTEX_POINT('',#2695);
#785=VERTEX_POINT('',#2697);
#786=VERTEX_POINT('',#2699);
#787=VERTEX_POINT('',#2703);
#788=VERTEX_POINT('',#2705);
#789=VERTEX_POINT('',#2709);
#790=VERTEX_POINT('',#2713);
#791=VERTEX_POINT('',#2717);
#792=VERTEX_POINT('',#2721);
#793=VERTEX_POINT('',#2727);
#794=EDGE_CURVE('',#660,#660,#634,.T.);
#795=EDGE_CURVE('',#660,#661,#286,.T.);
#796=EDGE_CURVE('',#661,#661,#635,.T.);
#797=EDGE_CURVE('',#662,#663,#636,.T.);
#798=EDGE_CURVE('',#664,#663,#287,.T.);
#799=EDGE_CURVE('',#665,#664,#288,.T.);
#800=EDGE_CURVE('',#666,#665,#289,.T.);
#801=EDGE_CURVE('',#667,#666,#290,.T.);
#802=EDGE_CURVE('',#668,#667,#291,.T.);
#803=EDGE_CURVE('',#669,#668,#292,.T.);
#804=EDGE_CURVE('',#670,#669,#293,.T.);
#805=EDGE_CURVE('',#670,#671,#637,.T.);
#806=EDGE_CURVE('',#671,#672,#294,.T.);
#807=EDGE_CURVE('',#672,#673,#638,.T.);
#808=EDGE_CURVE('',#673,#662,#295,.T.);
#809=EDGE_CURVE('',#674,#664,#296,.T.);
#810=EDGE_CURVE('',#675,#674,#297,.T.);
#811=EDGE_CURVE('',#675,#665,#298,.T.);
#812=EDGE_CURVE('',#676,#675,#299,.T.);
#813=EDGE_CURVE('',#676,#666,#300,.T.);
#814=EDGE_CURVE('',#677,#667,#301,.T.);
#815=EDGE_CURVE('',#678,#677,#302,.T.);
#816=EDGE_CURVE('',#678,#668,#303,.T.);
#817=EDGE_CURVE('',#679,#678,#304,.T.);
#818=EDGE_CURVE('',#679,#669,#305,.T.);
#819=EDGE_CURVE('',#680,#681,#306,.T.);
#820=EDGE_CURVE('',#674,#681,#307,.T.);
#821=EDGE_CURVE('',#663,#670,#308,.T.);
#822=EDGE_CURVE('',#682,#679,#309,.T.);
#823=EDGE_CURVE('',#682,#683,#310,.T.);
#824=EDGE_CURVE('',#683,#680,#311,.T.);
#825=EDGE_CURVE('',#684,#685,#312,.T.);
#826=EDGE_CURVE('',#686,#685,#313,.T.);
#827=EDGE_CURVE('',#687,#686,#314,.T.);
#828=EDGE_CURVE('',#687,#688,#315,.T.);
#829=EDGE_CURVE('',#688,#689,#316,.T.);
#830=EDGE_CURVE('',#689,#690,#317,.T.);
#831=EDGE_CURVE('',#691,#690,#318,.T.);
#832=EDGE_CURVE('',#691,#684,#319,.T.);
#833=EDGE_CURVE('',#692,#693,#320,.T.);
#834=EDGE_CURVE('',#692,#694,#321,.T.);
#835=EDGE_CURVE('',#694,#695,#322,.T.);
#836=EDGE_CURVE('',#693,#695,#323,.T.);
#837=EDGE_CURVE('',#696,#697,#324,.T.);
#838=EDGE_CURVE('',#696,#698,#325,.T.);
#839=EDGE_CURVE('',#698,#699,#326,.T.);
#840=EDGE_CURVE('',#697,#699,#327,.T.);
#841=EDGE_CURVE('',#693,#684,#328,.T.);
#842=EDGE_CURVE('',#700,#691,#329,.T.);
#843=EDGE_CURVE('',#700,#693,#330,.T.);
#844=EDGE_CURVE('',#685,#696,#331,.T.);
#845=EDGE_CURVE('',#701,#696,#332,.T.);
#846=EDGE_CURVE('',#686,#701,#333,.T.);
#847=EDGE_CURVE('',#699,#694,#334,.T.);
#848=EDGE_CURVE('',#702,#698,#335,.T.);
#849=EDGE_CURVE('',#703,#702,#336,.T.);
#850=EDGE_CURVE('',#695,#703,#337,.T.);
#851=EDGE_CURVE('',#704,#705,#28,.T.);
#852=EDGE_CURVE('',#705,#706,#29,.T.);
#853=EDGE_CURVE('',#706,#707,#30,.T.);
#854=EDGE_CURVE('',#707,#708,#31,.T.);
#855=EDGE_CURVE('',#708,#709,#32,.T.);
#856=EDGE_CURVE('',#709,#704,#33,.T.);
#857=EDGE_CURVE('',#710,#711,#338,.T.);
#858=EDGE_CURVE('',#711,#712,#339,.T.);
#859=EDGE_CURVE('',#712,#713,#340,.T.);
#860=EDGE_CURVE('',#713,#710,#341,.T.);
#861=EDGE_CURVE('',#714,#715,#342,.T.);
#862=EDGE_CURVE('',#715,#716,#343,.T.);
#863=EDGE_CURVE('',#716,#717,#344,.T.);
#864=EDGE_CURVE('',#717,#714,#345,.T.);
#865=EDGE_CURVE('',#718,#719,#34,.T.);
#866=EDGE_CURVE('',#714,#719,#346,.T.);
#867=EDGE_CURVE('',#717,#718,#347,.T.);
#868=EDGE_CURVE('',#720,#721,#35,.T.);
#869=EDGE_CURVE('',#710,#721,#348,.T.);
#870=EDGE_CURVE('',#713,#720,#349,.T.);
#871=EDGE_CURVE('',#697,#692,#350,.T.);
#872=EDGE_CURVE('',#690,#722,#351,.T.);
#873=EDGE_CURVE('',#722,#676,#352,.T.);
#874=EDGE_CURVE('',#681,#723,#353,.T.);
#875=EDGE_CURVE('',#723,#724,#354,.T.);
#876=EDGE_CURVE('',#724,#700,#355,.T.);
#877=EDGE_CURVE('',#725,#687,#356,.T.);
#878=EDGE_CURVE('',#701,#726,#357,.T.);
#879=EDGE_CURVE('',#726,#727,#358,.T.);
#880=EDGE_CURVE('',#727,#682,#359,.T.);
#881=EDGE_CURVE('',#677,#725,#360,.T.);
#882=EDGE_CURVE('',#722,#728,#361,.T.);
#883=EDGE_CURVE('',#728,#729,#362,.T.);
#884=EDGE_CURVE('',#729,#725,#363,.T.);
#885=EDGE_CURVE('',#683,#730,#364,.T.);
#886=EDGE_CURVE('',#731,#730,#365,.T.);
#887=EDGE_CURVE('',#731,#680,#366,.T.);
#888=EDGE_CURVE('',#723,#731,#367,.T.);
#889=EDGE_CURVE('',#730,#727,#368,.T.);
#890=EDGE_CURVE('',#688,#729,#369,.T.);
#891=EDGE_CURVE('',#728,#689,#370,.T.);
#892=EDGE_CURVE('',#732,#733,#371,.T.);
#893=EDGE_CURVE('',#734,#732,#372,.T.);
#894=EDGE_CURVE('',#734,#735,#373,.T.);
#895=EDGE_CURVE('',#735,#733,#374,.T.);
#896=EDGE_CURVE('',#736,#737,#375,.T.);
#897=EDGE_CURVE('',#738,#736,#376,.T.);
#898=EDGE_CURVE('',#738,#739,#377,.T.);
#899=EDGE_CURVE('',#739,#737,#378,.T.);
#900=EDGE_CURVE('',#739,#740,#379,.T.);
#901=EDGE_CURVE('',#741,#738,#380,.T.);
#902=EDGE_CURVE('',#740,#741,#381,.T.);
#903=EDGE_CURVE('',#742,#743,#382,.T.);
#904=EDGE_CURVE('',#735,#742,#383,.T.);
#905=EDGE_CURVE('',#743,#734,#384,.T.);
#906=EDGE_CURVE('',#744,#745,#385,.T.);
#907=EDGE_CURVE('',#744,#742,#386,.T.);
#908=EDGE_CURVE('',#745,#743,#387,.T.);
#909=EDGE_CURVE('',#746,#744,#639,.T.);
#910=EDGE_CURVE('',#745,#747,#640,.T.);
#911=EDGE_CURVE('',#747,#746,#388,.T.);
#912=EDGE_CURVE('',#748,#749,#389,.T.);
#913=EDGE_CURVE('',#746,#748,#390,.T.);
#914=EDGE_CURVE('',#749,#747,#391,.T.);
#915=EDGE_CURVE('',#750,#748,#641,.T.);
#916=EDGE_CURVE('',#749,#751,#642,.T.);
#917=EDGE_CURVE('',#751,#750,#392,.T.);
#918=EDGE_CURVE('',#752,#753,#393,.T.);
#919=EDGE_CURVE('',#752,#740,#394,.T.);
#920=EDGE_CURVE('',#753,#741,#395,.T.);
#921=EDGE_CURVE('',#754,#752,#643,.T.);
#922=EDGE_CURVE('',#753,#755,#644,.T.);
#923=EDGE_CURVE('',#755,#754,#396,.T.);
#924=EDGE_CURVE('',#756,#757,#397,.T.);
#925=EDGE_CURVE('',#754,#756,#398,.T.);
#926=EDGE_CURVE('',#757,#755,#399,.T.);
#927=EDGE_CURVE('',#758,#756,#645,.T.);
#928=EDGE_CURVE('',#757,#759,#646,.T.);
#929=EDGE_CURVE('',#759,#758,#400,.T.);
#930=EDGE_CURVE('',#760,#732,#647,.T.);
#931=EDGE_CURVE('',#733,#761,#648,.T.);
#932=EDGE_CURVE('',#761,#760,#401,.T.);
#933=EDGE_CURVE('',#762,#751,#402,.T.);
#934=EDGE_CURVE('',#760,#763,#403,.T.);
#935=EDGE_CURVE('',#762,#763,#649,.T.);
#936=EDGE_CURVE('',#763,#764,#404,.T.);
#937=EDGE_CURVE('',#764,#761,#405,.T.);
#938=EDGE_CURVE('',#765,#762,#406,.T.);
#939=EDGE_CURVE('',#764,#765,#650,.T.);
#940=EDGE_CURVE('',#766,#736,#651,.T.);
#941=EDGE_CURVE('',#737,#767,#652,.T.);
#942=EDGE_CURVE('',#767,#766,#407,.T.);
#943=EDGE_CURVE('',#768,#759,#408,.T.);
#944=EDGE_CURVE('',#766,#769,#409,.T.);
#945=EDGE_CURVE('',#768,#769,#653,.T.);
#946=EDGE_CURVE('',#769,#770,#410,.T.);
#947=EDGE_CURVE('',#770,#767,#411,.T.);
#948=EDGE_CURVE('',#771,#768,#412,.T.);
#949=EDGE_CURVE('',#770,#771,#654,.T.);
#950=EDGE_CURVE('',#772,#720,#36,.T.);
#951=EDGE_CURVE('',#712,#772,#413,.T.);
#952=EDGE_CURVE('',#773,#772,#37,.T.);
#953=EDGE_CURVE('',#711,#773,#414,.T.);
#954=EDGE_CURVE('',#758,#771,#415,.T.);
#955=EDGE_CURVE('',#721,#773,#38,.T.);
#956=EDGE_CURVE('',#774,#718,#39,.T.);
#957=EDGE_CURVE('',#716,#774,#416,.T.);
#958=EDGE_CURVE('',#775,#774,#40,.T.);
#959=EDGE_CURVE('',#715,#775,#417,.T.);
#960=EDGE_CURVE('',#750,#765,#418,.T.);
#961=EDGE_CURVE('',#719,#775,#41,.T.);
#962=EDGE_CURVE('',#684,#703,#419,.T.);
#963=EDGE_CURVE('',#724,#692,#420,.T.);
#964=EDGE_CURVE('',#685,#702,#421,.T.);
#965=EDGE_CURVE('',#726,#697,#422,.T.);
#966=EDGE_CURVE('',#709,#696,#423,.T.);
#967=EDGE_CURVE('',#696,#697,#424,.T.);
#968=EDGE_CURVE('',#704,#697,#425,.T.);
#969=EDGE_CURVE('',#708,#685,#426,.T.);
#970=EDGE_CURVE('',#685,#696,#427,.T.);
#971=EDGE_CURVE('',#706,#693,#428,.T.);
#972=EDGE_CURVE('',#693,#684,#429,.T.);
#973=EDGE_CURVE('',#707,#684,#430,.T.);
#974=EDGE_CURVE('',#705,#692,#431,.T.);
#975=EDGE_CURVE('',#692,#693,#432,.T.);
#976=EDGE_CURVE('',#684,#685,#433,.T.);
#977=EDGE_CURVE('',#697,#692,#434,.T.);
#978=EDGE_CURVE('',#663,#670,#655,.T.);
#979=EDGE_CURVE('',#776,#777,#435,.T.);
#980=EDGE_CURVE('',#778,#776,#656,.T.);
#981=EDGE_CURVE('',#779,#778,#436,.T.);
#982=EDGE_CURVE('',#777,#779,#657,.T.);
#983=EDGE_CURVE('',#671,#776,#437,.T.);
#984=EDGE_CURVE('',#662,#778,#438,.T.);
#985=EDGE_CURVE('',#673,#779,#439,.T.);
#986=EDGE_CURVE('',#672,#777,#440,.T.);
#987=EDGE_CURVE('',#780,#780,#658,.T.);
#988=EDGE_CURVE('',#781,#782,#441,.T.);
#989=EDGE_CURVE('',#783,#781,#442,.T.);
#990=EDGE_CURVE('',#784,#783,#443,.T.);
#991=EDGE_CURVE('',#785,#784,#444,.T.);
#992=EDGE_CURVE('',#786,#785,#445,.T.);
#993=EDGE_CURVE('',#782,#786,#446,.T.);
#994=EDGE_CURVE('',#786,#787,#447,.T.);
#995=EDGE_CURVE('',#788,#787,#448,.T.);
#996=EDGE_CURVE('',#782,#788,#449,.T.);
#997=EDGE_CURVE('',#785,#789,#450,.T.);
#998=EDGE_CURVE('',#787,#789,#451,.T.);
#999=EDGE_CURVE('',#784,#790,#452,.T.);
#1000=EDGE_CURVE('',#789,#790,#453,.T.);
#1001=EDGE_CURVE('',#791,#788,#454,.T.);
#1002=EDGE_CURVE('',#781,#791,#455,.T.);
#1003=EDGE_CURVE('',#783,#792,#456,.T.);
#1004=EDGE_CURVE('',#790,#792,#457,.T.);
#1005=EDGE_CURVE('',#792,#791,#458,.T.);
#1006=EDGE_CURVE('',#780,#793,#459,.T.);
#1007=EDGE_CURVE('',#793,#793,#659,.T.);
#1008=ORIENTED_EDGE('',*,*,#794,.T.);
#1009=ORIENTED_EDGE('',*,*,#795,.T.);
#1010=ORIENTED_EDGE('',*,*,#796,.T.);
#1011=ORIENTED_EDGE('',*,*,#795,.F.);
#1012=ORIENTED_EDGE('',*,*,#796,.F.);
#1013=ORIENTED_EDGE('',*,*,#794,.F.);
#1014=ORIENTED_EDGE('',*,*,#797,.T.);
#1015=ORIENTED_EDGE('',*,*,#798,.F.);
#1016=ORIENTED_EDGE('',*,*,#799,.F.);
#1017=ORIENTED_EDGE('',*,*,#800,.F.);
#1018=ORIENTED_EDGE('',*,*,#801,.F.);
#1019=ORIENTED_EDGE('',*,*,#802,.F.);
#1020=ORIENTED_EDGE('',*,*,#803,.F.);
#1021=ORIENTED_EDGE('',*,*,#804,.F.);
#1022=ORIENTED_EDGE('',*,*,#805,.T.);
#1023=ORIENTED_EDGE('',*,*,#806,.T.);
#1024=ORIENTED_EDGE('',*,*,#807,.T.);
#1025=ORIENTED_EDGE('',*,*,#808,.T.);
#1026=ORIENTED_EDGE('',*,*,#799,.T.);
#1027=ORIENTED_EDGE('',*,*,#809,.F.);
#1028=ORIENTED_EDGE('',*,*,#810,.F.);
#1029=ORIENTED_EDGE('',*,*,#811,.T.);
#1030=ORIENTED_EDGE('',*,*,#800,.T.);
#1031=ORIENTED_EDGE('',*,*,#811,.F.);
#1032=ORIENTED_EDGE('',*,*,#812,.F.);
#1033=ORIENTED_EDGE('',*,*,#813,.T.);
#1034=ORIENTED_EDGE('',*,*,#802,.T.);
#1035=ORIENTED_EDGE('',*,*,#814,.F.);
#1036=ORIENTED_EDGE('',*,*,#815,.F.);
#1037=ORIENTED_EDGE('',*,*,#816,.T.);
#1038=ORIENTED_EDGE('',*,*,#803,.T.);
#1039=ORIENTED_EDGE('',*,*,#816,.F.);
#1040=ORIENTED_EDGE('',*,*,#817,.F.);
#1041=ORIENTED_EDGE('',*,*,#818,.T.);
#1042=ORIENTED_EDGE('',*,*,#819,.T.);
#1043=ORIENTED_EDGE('',*,*,#820,.F.);
#1044=ORIENTED_EDGE('',*,*,#809,.T.);
#1045=ORIENTED_EDGE('',*,*,#798,.T.);
#1046=ORIENTED_EDGE('',*,*,#821,.T.);
#1047=ORIENTED_EDGE('',*,*,#804,.T.);
#1048=ORIENTED_EDGE('',*,*,#818,.F.);
#1049=ORIENTED_EDGE('',*,*,#822,.F.);
#1050=ORIENTED_EDGE('',*,*,#823,.T.);
#1051=ORIENTED_EDGE('',*,*,#824,.T.);
#1052=ORIENTED_EDGE('',*,*,#825,.T.);
#1053=ORIENTED_EDGE('',*,*,#826,.F.);
#1054=ORIENTED_EDGE('',*,*,#827,.F.);
#1055=ORIENTED_EDGE('',*,*,#828,.T.);
#1056=ORIENTED_EDGE('',*,*,#829,.T.);
#1057=ORIENTED_EDGE('',*,*,#830,.T.);
#1058=ORIENTED_EDGE('',*,*,#831,.F.);
#1059=ORIENTED_EDGE('',*,*,#832,.T.);
#1060=ORIENTED_EDGE('',*,*,#833,.F.);
#1061=ORIENTED_EDGE('',*,*,#834,.T.);
#1062=ORIENTED_EDGE('',*,*,#835,.T.);
#1063=ORIENTED_EDGE('',*,*,#836,.F.);
#1064=ORIENTED_EDGE('',*,*,#837,.F.);
#1065=ORIENTED_EDGE('',*,*,#838,.T.);
#1066=ORIENTED_EDGE('',*,*,#839,.T.);
#1067=ORIENTED_EDGE('',*,*,#840,.F.);
#1068=ORIENTED_EDGE('',*,*,#841,.T.);
#1069=ORIENTED_EDGE('',*,*,#832,.F.);
#1070=ORIENTED_EDGE('',*,*,#842,.F.);
#1071=ORIENTED_EDGE('',*,*,#843,.T.);
#1072=ORIENTED_EDGE('',*,*,#844,.T.);
#1073=ORIENTED_EDGE('',*,*,#845,.F.);
#1074=ORIENTED_EDGE('',*,*,#846,.F.);
#1075=ORIENTED_EDGE('',*,*,#826,.T.);
#1076=ORIENTED_EDGE('',*,*,#847,.F.);
#1077=ORIENTED_EDGE('',*,*,#839,.F.);
#1078=ORIENTED_EDGE('',*,*,#848,.F.);
#1079=ORIENTED_EDGE('',*,*,#849,.F.);
#1080=ORIENTED_EDGE('',*,*,#850,.F.);
#1081=ORIENTED_EDGE('',*,*,#835,.F.);
#1082=ORIENTED_EDGE('',*,*,#851,.T.);
#1083=ORIENTED_EDGE('',*,*,#852,.T.);
#1084=ORIENTED_EDGE('',*,*,#853,.T.);
#1085=ORIENTED_EDGE('',*,*,#854,.T.);
#1086=ORIENTED_EDGE('',*,*,#855,.T.);
#1087=ORIENTED_EDGE('',*,*,#856,.T.);
#1088=ORIENTED_EDGE('',*,*,#857,.T.);
#1089=ORIENTED_EDGE('',*,*,#858,.T.);
#1090=ORIENTED_EDGE('',*,*,#859,.T.);
#1091=ORIENTED_EDGE('',*,*,#860,.T.);
#1092=ORIENTED_EDGE('',*,*,#861,.T.);
#1093=ORIENTED_EDGE('',*,*,#862,.T.);
#1094=ORIENTED_EDGE('',*,*,#863,.T.);
#1095=ORIENTED_EDGE('',*,*,#864,.T.);
#1096=ORIENTED_EDGE('',*,*,#865,.T.);
#1097=ORIENTED_EDGE('',*,*,#866,.F.);
#1098=ORIENTED_EDGE('',*,*,#864,.F.);
#1099=ORIENTED_EDGE('',*,*,#867,.T.);
#1100=ORIENTED_EDGE('',*,*,#868,.T.);
#1101=ORIENTED_EDGE('',*,*,#869,.F.);
#1102=ORIENTED_EDGE('',*,*,#860,.F.);
#1103=ORIENTED_EDGE('',*,*,#870,.T.);
#1104=ORIENTED_EDGE('',*,*,#871,.F.);
#1105=ORIENTED_EDGE('',*,*,#840,.T.);
#1106=ORIENTED_EDGE('',*,*,#847,.T.);
#1107=ORIENTED_EDGE('',*,*,#834,.F.);
#1108=ORIENTED_EDGE('',*,*,#872,.T.);
#1109=ORIENTED_EDGE('',*,*,#873,.T.);
#1110=ORIENTED_EDGE('',*,*,#812,.T.);
#1111=ORIENTED_EDGE('',*,*,#810,.T.);
#1112=ORIENTED_EDGE('',*,*,#820,.T.);
#1113=ORIENTED_EDGE('',*,*,#874,.T.);
#1114=ORIENTED_EDGE('',*,*,#875,.T.);
#1115=ORIENTED_EDGE('',*,*,#876,.T.);
#1116=ORIENTED_EDGE('',*,*,#842,.T.);
#1117=ORIENTED_EDGE('',*,*,#831,.T.);
#1118=ORIENTED_EDGE('',*,*,#877,.T.);
#1119=ORIENTED_EDGE('',*,*,#827,.T.);
#1120=ORIENTED_EDGE('',*,*,#846,.T.);
#1121=ORIENTED_EDGE('',*,*,#878,.T.);
#1122=ORIENTED_EDGE('',*,*,#879,.T.);
#1123=ORIENTED_EDGE('',*,*,#880,.T.);
#1124=ORIENTED_EDGE('',*,*,#822,.T.);
#1125=ORIENTED_EDGE('',*,*,#817,.T.);
#1126=ORIENTED_EDGE('',*,*,#815,.T.);
#1127=ORIENTED_EDGE('',*,*,#881,.T.);
#1128=ORIENTED_EDGE('',*,*,#882,.T.);
#1129=ORIENTED_EDGE('',*,*,#883,.T.);
#1130=ORIENTED_EDGE('',*,*,#884,.T.);
#1131=ORIENTED_EDGE('',*,*,#881,.F.);
#1132=ORIENTED_EDGE('',*,*,#814,.T.);
#1133=ORIENTED_EDGE('',*,*,#801,.T.);
#1134=ORIENTED_EDGE('',*,*,#813,.F.);
#1135=ORIENTED_EDGE('',*,*,#873,.F.);
#1136=ORIENTED_EDGE('',*,*,#824,.F.);
#1137=ORIENTED_EDGE('',*,*,#885,.T.);
#1138=ORIENTED_EDGE('',*,*,#886,.F.);
#1139=ORIENTED_EDGE('',*,*,#887,.T.);
#1140=ORIENTED_EDGE('',*,*,#887,.F.);
#1141=ORIENTED_EDGE('',*,*,#888,.F.);
#1142=ORIENTED_EDGE('',*,*,#874,.F.);
#1143=ORIENTED_EDGE('',*,*,#819,.F.);
#1144=ORIENTED_EDGE('',*,*,#885,.F.);
#1145=ORIENTED_EDGE('',*,*,#823,.F.);
#1146=ORIENTED_EDGE('',*,*,#880,.F.);
#1147=ORIENTED_EDGE('',*,*,#889,.F.);
#1148=ORIENTED_EDGE('',*,*,#829,.F.);
#1149=ORIENTED_EDGE('',*,*,#890,.T.);
#1150=ORIENTED_EDGE('',*,*,#883,.F.);
#1151=ORIENTED_EDGE('',*,*,#891,.T.);
#1152=ORIENTED_EDGE('',*,*,#891,.F.);
#1153=ORIENTED_EDGE('',*,*,#882,.F.);
#1154=ORIENTED_EDGE('',*,*,#872,.F.);
#1155=ORIENTED_EDGE('',*,*,#830,.F.);
#1156=ORIENTED_EDGE('',*,*,#890,.F.);
#1157=ORIENTED_EDGE('',*,*,#828,.F.);
#1158=ORIENTED_EDGE('',*,*,#877,.F.);
#1159=ORIENTED_EDGE('',*,*,#884,.F.);
#1160=ORIENTED_EDGE('',*,*,#892,.F.);
#1161=ORIENTED_EDGE('',*,*,#893,.F.);
#1162=ORIENTED_EDGE('',*,*,#894,.T.);
#1163=ORIENTED_EDGE('',*,*,#895,.T.);
#1164=ORIENTED_EDGE('',*,*,#896,.F.);
#1165=ORIENTED_EDGE('',*,*,#897,.F.);
#1166=ORIENTED_EDGE('',*,*,#898,.T.);
#1167=ORIENTED_EDGE('',*,*,#899,.T.);
#1168=ORIENTED_EDGE('',*,*,#900,.F.);
#1169=ORIENTED_EDGE('',*,*,#898,.F.);
#1170=ORIENTED_EDGE('',*,*,#901,.F.);
#1171=ORIENTED_EDGE('',*,*,#902,.F.);
#1172=ORIENTED_EDGE('',*,*,#903,.F.);
#1173=ORIENTED_EDGE('',*,*,#904,.F.);
#1174=ORIENTED_EDGE('',*,*,#894,.F.);
#1175=ORIENTED_EDGE('',*,*,#905,.F.);
#1176=ORIENTED_EDGE('',*,*,#906,.F.);
#1177=ORIENTED_EDGE('',*,*,#907,.T.);
#1178=ORIENTED_EDGE('',*,*,#903,.T.);
#1179=ORIENTED_EDGE('',*,*,#908,.F.);
#1180=ORIENTED_EDGE('',*,*,#909,.T.);
#1181=ORIENTED_EDGE('',*,*,#906,.T.);
#1182=ORIENTED_EDGE('',*,*,#910,.T.);
#1183=ORIENTED_EDGE('',*,*,#911,.T.);
#1184=ORIENTED_EDGE('',*,*,#912,.F.);
#1185=ORIENTED_EDGE('',*,*,#913,.F.);
#1186=ORIENTED_EDGE('',*,*,#911,.F.);
#1187=ORIENTED_EDGE('',*,*,#914,.F.);
#1188=ORIENTED_EDGE('',*,*,#915,.T.);
#1189=ORIENTED_EDGE('',*,*,#912,.T.);
#1190=ORIENTED_EDGE('',*,*,#916,.T.);
#1191=ORIENTED_EDGE('',*,*,#917,.T.);
#1192=ORIENTED_EDGE('',*,*,#918,.F.);
#1193=ORIENTED_EDGE('',*,*,#919,.T.);
#1194=ORIENTED_EDGE('',*,*,#902,.T.);
#1195=ORIENTED_EDGE('',*,*,#920,.F.);
#1196=ORIENTED_EDGE('',*,*,#921,.T.);
#1197=ORIENTED_EDGE('',*,*,#918,.T.);
#1198=ORIENTED_EDGE('',*,*,#922,.T.);
#1199=ORIENTED_EDGE('',*,*,#923,.T.);
#1200=ORIENTED_EDGE('',*,*,#924,.F.);
#1201=ORIENTED_EDGE('',*,*,#925,.F.);
#1202=ORIENTED_EDGE('',*,*,#923,.F.);
#1203=ORIENTED_EDGE('',*,*,#926,.F.);
#1204=ORIENTED_EDGE('',*,*,#927,.T.);
#1205=ORIENTED_EDGE('',*,*,#924,.T.);
#1206=ORIENTED_EDGE('',*,*,#928,.T.);
#1207=ORIENTED_EDGE('',*,*,#929,.T.);
#1208=ORIENTED_EDGE('',*,*,#930,.T.);
#1209=ORIENTED_EDGE('',*,*,#892,.T.);
#1210=ORIENTED_EDGE('',*,*,#931,.T.);
#1211=ORIENTED_EDGE('',*,*,#932,.T.);
#1212=ORIENTED_EDGE('',*,*,#933,.T.);
#1213=ORIENTED_EDGE('',*,*,#916,.F.);
#1214=ORIENTED_EDGE('',*,*,#914,.T.);
#1215=ORIENTED_EDGE('',*,*,#910,.F.);
#1216=ORIENTED_EDGE('',*,*,#908,.T.);
#1217=ORIENTED_EDGE('',*,*,#905,.T.);
#1218=ORIENTED_EDGE('',*,*,#893,.T.);
#1219=ORIENTED_EDGE('',*,*,#930,.F.);
#1220=ORIENTED_EDGE('',*,*,#934,.T.);
#1221=ORIENTED_EDGE('',*,*,#935,.F.);
#1222=ORIENTED_EDGE('',*,*,#936,.F.);
#1223=ORIENTED_EDGE('',*,*,#934,.F.);
#1224=ORIENTED_EDGE('',*,*,#932,.F.);
#1225=ORIENTED_EDGE('',*,*,#937,.F.);
#1226=ORIENTED_EDGE('',*,*,#938,.T.);
#1227=ORIENTED_EDGE('',*,*,#935,.T.);
#1228=ORIENTED_EDGE('',*,*,#936,.T.);
#1229=ORIENTED_EDGE('',*,*,#939,.T.);
#1230=ORIENTED_EDGE('',*,*,#940,.T.);
#1231=ORIENTED_EDGE('',*,*,#896,.T.);
#1232=ORIENTED_EDGE('',*,*,#941,.T.);
#1233=ORIENTED_EDGE('',*,*,#942,.T.);
#1234=ORIENTED_EDGE('',*,*,#943,.T.);
#1235=ORIENTED_EDGE('',*,*,#928,.F.);
#1236=ORIENTED_EDGE('',*,*,#926,.T.);
#1237=ORIENTED_EDGE('',*,*,#922,.F.);
#1238=ORIENTED_EDGE('',*,*,#920,.T.);
#1239=ORIENTED_EDGE('',*,*,#901,.T.);
#1240=ORIENTED_EDGE('',*,*,#897,.T.);
#1241=ORIENTED_EDGE('',*,*,#940,.F.);
#1242=ORIENTED_EDGE('',*,*,#944,.T.);
#1243=ORIENTED_EDGE('',*,*,#945,.F.);
#1244=ORIENTED_EDGE('',*,*,#946,.F.);
#1245=ORIENTED_EDGE('',*,*,#944,.F.);
#1246=ORIENTED_EDGE('',*,*,#942,.F.);
#1247=ORIENTED_EDGE('',*,*,#947,.F.);
#1248=ORIENTED_EDGE('',*,*,#948,.T.);
#1249=ORIENTED_EDGE('',*,*,#945,.T.);
#1250=ORIENTED_EDGE('',*,*,#946,.T.);
#1251=ORIENTED_EDGE('',*,*,#949,.T.);
#1252=ORIENTED_EDGE('',*,*,#950,.T.);
#1253=ORIENTED_EDGE('',*,*,#870,.F.);
#1254=ORIENTED_EDGE('',*,*,#859,.F.);
#1255=ORIENTED_EDGE('',*,*,#951,.T.);
#1256=ORIENTED_EDGE('',*,*,#952,.T.);
#1257=ORIENTED_EDGE('',*,*,#951,.F.);
#1258=ORIENTED_EDGE('',*,*,#858,.F.);
#1259=ORIENTED_EDGE('',*,*,#953,.T.);
#1260=ORIENTED_EDGE('',*,*,#954,.T.);
#1261=ORIENTED_EDGE('',*,*,#949,.F.);
#1262=ORIENTED_EDGE('',*,*,#947,.T.);
#1263=ORIENTED_EDGE('',*,*,#941,.F.);
#1264=ORIENTED_EDGE('',*,*,#899,.F.);
#1265=ORIENTED_EDGE('',*,*,#900,.T.);
#1266=ORIENTED_EDGE('',*,*,#919,.F.);
#1267=ORIENTED_EDGE('',*,*,#921,.F.);
#1268=ORIENTED_EDGE('',*,*,#925,.T.);
#1269=ORIENTED_EDGE('',*,*,#927,.F.);
#1270=ORIENTED_EDGE('',*,*,#955,.T.);
#1271=ORIENTED_EDGE('',*,*,#953,.F.);
#1272=ORIENTED_EDGE('',*,*,#857,.F.);
#1273=ORIENTED_EDGE('',*,*,#869,.T.);
#1274=ORIENTED_EDGE('',*,*,#956,.T.);
#1275=ORIENTED_EDGE('',*,*,#867,.F.);
#1276=ORIENTED_EDGE('',*,*,#863,.F.);
#1277=ORIENTED_EDGE('',*,*,#957,.T.);
#1278=ORIENTED_EDGE('',*,*,#958,.T.);
#1279=ORIENTED_EDGE('',*,*,#957,.F.);
#1280=ORIENTED_EDGE('',*,*,#862,.F.);
#1281=ORIENTED_EDGE('',*,*,#959,.T.);
#1282=ORIENTED_EDGE('',*,*,#960,.T.);
#1283=ORIENTED_EDGE('',*,*,#939,.F.);
#1284=ORIENTED_EDGE('',*,*,#937,.T.);
#1285=ORIENTED_EDGE('',*,*,#931,.F.);
#1286=ORIENTED_EDGE('',*,*,#895,.F.);
#1287=ORIENTED_EDGE('',*,*,#904,.T.);
#1288=ORIENTED_EDGE('',*,*,#907,.F.);
#1289=ORIENTED_EDGE('',*,*,#909,.F.);
#1290=ORIENTED_EDGE('',*,*,#913,.T.);
#1291=ORIENTED_EDGE('',*,*,#915,.F.);
#1292=ORIENTED_EDGE('',*,*,#961,.T.);
#1293=ORIENTED_EDGE('',*,*,#959,.F.);
#1294=ORIENTED_EDGE('',*,*,#861,.F.);
#1295=ORIENTED_EDGE('',*,*,#866,.T.);
#1296=ORIENTED_EDGE('',*,*,#841,.F.);
#1297=ORIENTED_EDGE('',*,*,#836,.T.);
#1298=ORIENTED_EDGE('',*,*,#850,.T.);
#1299=ORIENTED_EDGE('',*,*,#962,.F.);
#1300=ORIENTED_EDGE('',*,*,#833,.T.);
#1301=ORIENTED_EDGE('',*,*,#843,.F.);
#1302=ORIENTED_EDGE('',*,*,#876,.F.);
#1303=ORIENTED_EDGE('',*,*,#963,.T.);
#1304=ORIENTED_EDGE('',*,*,#825,.F.);
#1305=ORIENTED_EDGE('',*,*,#962,.T.);
#1306=ORIENTED_EDGE('',*,*,#849,.T.);
#1307=ORIENTED_EDGE('',*,*,#964,.F.);
#1308=ORIENTED_EDGE('',*,*,#871,.T.);
#1309=ORIENTED_EDGE('',*,*,#963,.F.);
#1310=ORIENTED_EDGE('',*,*,#875,.F.);
#1311=ORIENTED_EDGE('',*,*,#888,.T.);
#1312=ORIENTED_EDGE('',*,*,#886,.T.);
#1313=ORIENTED_EDGE('',*,*,#889,.T.);
#1314=ORIENTED_EDGE('',*,*,#879,.F.);
#1315=ORIENTED_EDGE('',*,*,#965,.T.);
#1316=ORIENTED_EDGE('',*,*,#844,.F.);
#1317=ORIENTED_EDGE('',*,*,#964,.T.);
#1318=ORIENTED_EDGE('',*,*,#848,.T.);
#1319=ORIENTED_EDGE('',*,*,#838,.F.);
#1320=ORIENTED_EDGE('',*,*,#837,.T.);
#1321=ORIENTED_EDGE('',*,*,#965,.F.);
#1322=ORIENTED_EDGE('',*,*,#878,.F.);
#1323=ORIENTED_EDGE('',*,*,#845,.T.);
#1324=ORIENTED_EDGE('',*,*,#856,.F.);
#1325=ORIENTED_EDGE('',*,*,#966,.T.);
#1326=ORIENTED_EDGE('',*,*,#967,.T.);
#1327=ORIENTED_EDGE('',*,*,#968,.F.);
#1328=ORIENTED_EDGE('',*,*,#855,.F.);
#1329=ORIENTED_EDGE('',*,*,#969,.T.);
#1330=ORIENTED_EDGE('',*,*,#970,.T.);
#1331=ORIENTED_EDGE('',*,*,#966,.F.);
#1332=ORIENTED_EDGE('',*,*,#853,.F.);
#1333=ORIENTED_EDGE('',*,*,#971,.T.);
#1334=ORIENTED_EDGE('',*,*,#972,.T.);
#1335=ORIENTED_EDGE('',*,*,#973,.F.);
#1336=ORIENTED_EDGE('',*,*,#852,.F.);
#1337=ORIENTED_EDGE('',*,*,#974,.T.);
#1338=ORIENTED_EDGE('',*,*,#975,.T.);
#1339=ORIENTED_EDGE('',*,*,#971,.F.);
#1340=ORIENTED_EDGE('',*,*,#854,.F.);
#1341=ORIENTED_EDGE('',*,*,#973,.T.);
#1342=ORIENTED_EDGE('',*,*,#976,.T.);
#1343=ORIENTED_EDGE('',*,*,#969,.F.);
#1344=ORIENTED_EDGE('',*,*,#950,.F.);
#1345=ORIENTED_EDGE('',*,*,#952,.F.);
#1346=ORIENTED_EDGE('',*,*,#955,.F.);
#1347=ORIENTED_EDGE('',*,*,#868,.F.);
#1348=ORIENTED_EDGE('',*,*,#851,.F.);
#1349=ORIENTED_EDGE('',*,*,#968,.T.);
#1350=ORIENTED_EDGE('',*,*,#977,.T.);
#1351=ORIENTED_EDGE('',*,*,#974,.F.);
#1352=ORIENTED_EDGE('',*,*,#956,.F.);
#1353=ORIENTED_EDGE('',*,*,#958,.F.);
#1354=ORIENTED_EDGE('',*,*,#961,.F.);
#1355=ORIENTED_EDGE('',*,*,#865,.F.);
#1356=ORIENTED_EDGE('',*,*,#977,.F.);
#1357=ORIENTED_EDGE('',*,*,#967,.F.);
#1358=ORIENTED_EDGE('',*,*,#970,.F.);
#1359=ORIENTED_EDGE('',*,*,#976,.F.);
#1360=ORIENTED_EDGE('',*,*,#972,.F.);
#1361=ORIENTED_EDGE('',*,*,#975,.F.);
#1362=ORIENTED_EDGE('',*,*,#948,.F.);
#1363=ORIENTED_EDGE('',*,*,#954,.F.);
#1364=ORIENTED_EDGE('',*,*,#929,.F.);
#1365=ORIENTED_EDGE('',*,*,#943,.F.);
#1366=ORIENTED_EDGE('',*,*,#938,.F.);
#1367=ORIENTED_EDGE('',*,*,#960,.F.);
#1368=ORIENTED_EDGE('',*,*,#917,.F.);
#1369=ORIENTED_EDGE('',*,*,#933,.F.);
#1370=ORIENTED_EDGE('',*,*,#821,.F.);
#1371=ORIENTED_EDGE('',*,*,#978,.T.);
#1372=ORIENTED_EDGE('',*,*,#979,.F.);
#1373=ORIENTED_EDGE('',*,*,#980,.F.);
#1374=ORIENTED_EDGE('',*,*,#981,.F.);
#1375=ORIENTED_EDGE('',*,*,#982,.F.);
#1376=ORIENTED_EDGE('',*,*,#980,.T.);
#1377=ORIENTED_EDGE('',*,*,#983,.F.);
#1378=ORIENTED_EDGE('',*,*,#805,.F.);
#1379=ORIENTED_EDGE('',*,*,#978,.F.);
#1380=ORIENTED_EDGE('',*,*,#797,.F.);
#1381=ORIENTED_EDGE('',*,*,#984,.T.);
#1382=ORIENTED_EDGE('',*,*,#981,.T.);
#1383=ORIENTED_EDGE('',*,*,#984,.F.);
#1384=ORIENTED_EDGE('',*,*,#808,.F.);
#1385=ORIENTED_EDGE('',*,*,#985,.T.);
#1386=ORIENTED_EDGE('',*,*,#982,.T.);
#1387=ORIENTED_EDGE('',*,*,#985,.F.);
#1388=ORIENTED_EDGE('',*,*,#807,.F.);
#1389=ORIENTED_EDGE('',*,*,#986,.T.);
#1390=ORIENTED_EDGE('',*,*,#979,.T.);
#1391=ORIENTED_EDGE('',*,*,#986,.F.);
#1392=ORIENTED_EDGE('',*,*,#806,.F.);
#1393=ORIENTED_EDGE('',*,*,#983,.T.);
#1394=ORIENTED_EDGE('',*,*,#987,.T.);
#1395=ORIENTED_EDGE('',*,*,#988,.F.);
#1396=ORIENTED_EDGE('',*,*,#989,.F.);
#1397=ORIENTED_EDGE('',*,*,#990,.F.);
#1398=ORIENTED_EDGE('',*,*,#991,.F.);
#1399=ORIENTED_EDGE('',*,*,#992,.F.);
#1400=ORIENTED_EDGE('',*,*,#993,.F.);
#1401=ORIENTED_EDGE('',*,*,#993,.T.);
#1402=ORIENTED_EDGE('',*,*,#994,.T.);
#1403=ORIENTED_EDGE('',*,*,#995,.F.);
#1404=ORIENTED_EDGE('',*,*,#996,.F.);
#1405=ORIENTED_EDGE('',*,*,#992,.T.);
#1406=ORIENTED_EDGE('',*,*,#997,.T.);
#1407=ORIENTED_EDGE('',*,*,#998,.F.);
#1408=ORIENTED_EDGE('',*,*,#994,.F.);
#1409=ORIENTED_EDGE('',*,*,#991,.T.);
#1410=ORIENTED_EDGE('',*,*,#999,.T.);
#1411=ORIENTED_EDGE('',*,*,#1000,.F.);
#1412=ORIENTED_EDGE('',*,*,#997,.F.);
#1413=ORIENTED_EDGE('',*,*,#988,.T.);
#1414=ORIENTED_EDGE('',*,*,#996,.T.);
#1415=ORIENTED_EDGE('',*,*,#1001,.F.);
#1416=ORIENTED_EDGE('',*,*,#1002,.F.);
#1417=ORIENTED_EDGE('',*,*,#990,.T.);
#1418=ORIENTED_EDGE('',*,*,#1003,.T.);
#1419=ORIENTED_EDGE('',*,*,#1004,.F.);
#1420=ORIENTED_EDGE('',*,*,#999,.F.);
#1421=ORIENTED_EDGE('',*,*,#989,.T.);
#1422=ORIENTED_EDGE('',*,*,#1002,.T.);
#1423=ORIENTED_EDGE('',*,*,#1005,.F.);
#1424=ORIENTED_EDGE('',*,*,#1003,.F.);
#1425=ORIENTED_EDGE('',*,*,#987,.F.);
#1426=ORIENTED_EDGE('',*,*,#1006,.T.);
#1427=ORIENTED_EDGE('',*,*,#1007,.F.);
#1428=ORIENTED_EDGE('',*,*,#1006,.F.);
#1429=ORIENTED_EDGE('',*,*,#1005,.T.);
#1430=ORIENTED_EDGE('',*,*,#1001,.T.);
#1431=ORIENTED_EDGE('',*,*,#995,.T.);
#1432=ORIENTED_EDGE('',*,*,#998,.T.);
#1433=ORIENTED_EDGE('',*,*,#1000,.T.);
#1434=ORIENTED_EDGE('',*,*,#1004,.T.);
#1435=ORIENTED_EDGE('',*,*,#1007,.T.);
#1436=CYLINDRICAL_SURFACE('',#1643,5.5);
#1437=CYLINDRICAL_SURFACE('',#1680,0.25);
#1438=CYLINDRICAL_SURFACE('',#1684,0.25);
#1439=CYLINDRICAL_SURFACE('',#1688,0.25);
#1440=CYLINDRICAL_SURFACE('',#1692,0.25);
#1441=CYLINDRICAL_SURFACE('',#1695,0.5);
#1442=CYLINDRICAL_SURFACE('',#1701,0.5);
#1443=CYLINDRICAL_SURFACE('',#1703,0.5);
#1444=CYLINDRICAL_SURFACE('',#1709,0.5);
#1445=CYLINDRICAL_SURFACE('',#1731,1.625);
#1446=CYLINDRICAL_SURFACE('',#1733,4.);
#1447=CYLINDRICAL_SURFACE('',#1744,1.1);
#1448=STYLED_ITEM('',(#2755),#1534);
#1449=STYLED_ITEM('',(#2755),#1535);
#1450=STYLED_ITEM('',(#2755),#1536);
#1451=STYLED_ITEM('',(#2752),#1537);
#1452=STYLED_ITEM('',(#2752),#1538);
#1453=STYLED_ITEM('',(#2752),#1539);
#1454=STYLED_ITEM('',(#2752),#1540);
#1455=STYLED_ITEM('',(#2752),#1541);
#1456=STYLED_ITEM('',(#2752),#1542);
#1457=STYLED_ITEM('',(#2752),#1543);
#1458=STYLED_ITEM('',(#2752),#1544);
#1459=STYLED_ITEM('',(#2752),#1545);
#1460=STYLED_ITEM('',(#2752),#1546);
#1461=STYLED_ITEM('',(#2752),#1547);
#1462=STYLED_ITEM('',(#2752),#1548);
#1463=STYLED_ITEM('',(#2753),#1549);
#1464=STYLED_ITEM('',(#2753),#1550);
#1465=STYLED_ITEM('',(#2752),#1551);
#1466=STYLED_ITEM('',(#2752),#1552);
#1467=STYLED_ITEM('',(#2752),#1553);
#1468=STYLED_ITEM('',(#2752),#1554);
#1469=STYLED_ITEM('',(#2752),#1555);
#1470=STYLED_ITEM('',(#2752),#1556);
#1471=STYLED_ITEM('',(#2752),#1557);
#1472=STYLED_ITEM('',(#2752),#1558);
#1473=STYLED_ITEM('',(#2752),#1559);
#1474=STYLED_ITEM('',(#2752),#1560);
#1475=STYLED_ITEM('',(#2753),#1561);
#1476=STYLED_ITEM('',(#2753),#1562);
#1477=STYLED_ITEM('',(#2753),#1563);
#1478=STYLED_ITEM('',(#2753),#1564);
#1479=STYLED_ITEM('',(#2753),#1565);
#1480=STYLED_ITEM('',(#2753),#1566);
#1481=STYLED_ITEM('',(#2753),#1567);
#1482=STYLED_ITEM('',(#2753),#1568);
#1483=STYLED_ITEM('',(#2753),#1569);
#1484=STYLED_ITEM('',(#2753),#1570);
#1485=STYLED_ITEM('',(#2753),#1571);
#1486=STYLED_ITEM('',(#2753),#1572);
#1487=STYLED_ITEM('',(#2753),#1573);
#1488=STYLED_ITEM('',(#2753),#1574);
#1489=STYLED_ITEM('',(#2753),#1575);
#1490=STYLED_ITEM('',(#2753),#1576);
#1491=STYLED_ITEM('',(#2753),#1577);
#1492=STYLED_ITEM('',(#2753),#1578);
#1493=STYLED_ITEM('',(#2753),#1579);
#1494=STYLED_ITEM('',(#2753),#1580);
#1495=STYLED_ITEM('',(#2753),#1581);
#1496=STYLED_ITEM('',(#2753),#1582);
#1497=STYLED_ITEM('',(#2753),#1583);
#1498=STYLED_ITEM('',(#2753),#1584);
#1499=STYLED_ITEM('',(#2753),#1585);
#1500=STYLED_ITEM('',(#2753),#1586);
#1501=STYLED_ITEM('',(#2753),#1587);
#1502=STYLED_ITEM('',(#2753),#1588);
#1503=STYLED_ITEM('',(#2752),#1589);
#1504=STYLED_ITEM('',(#2752),#1590);
#1505=STYLED_ITEM('',(#2752),#1591);
#1506=STYLED_ITEM('',(#2752),#1592);
#1507=STYLED_ITEM('',(#2752),#1593);
#1508=STYLED_ITEM('',(#2752),#1594);
#1509=STYLED_ITEM('',(#2754),#1595);
#1510=STYLED_ITEM('',(#2754),#1596);
#1511=STYLED_ITEM('',(#2754),#1597);
#1512=STYLED_ITEM('',(#2754),#1598);
#1513=STYLED_ITEM('',(#2754),#1599);
#1514=STYLED_ITEM('',(#2754),#1600);
#1515=STYLED_ITEM('',(#2754),#1601);
#1516=STYLED_ITEM('',(#2751),#1602);
#1517=STYLED_ITEM('',(#2751),#1603);
#1518=STYLED_ITEM('',(#2751),#1604);
#1519=STYLED_ITEM('',(#2751),#1605);
#1520=STYLED_ITEM('',(#2751),#1606);
#1521=STYLED_ITEM('',(#2751),#1607);
#1522=STYLED_ITEM('',(#2751),#1608);
#1523=STYLED_ITEM('',(#2752),#1609);
#1524=STYLED_ITEM('',(#2752),#1610);
#1525=STYLED_ITEM('',(#2752),#1611);
#1526=STYLED_ITEM('',(#2752),#1612);
#1527=STYLED_ITEM('',(#2752),#1613);
#1528=STYLED_ITEM('',(#2752),#1614);
#1529=STYLED_ITEM('',(#2752),#1615);
#1530=STYLED_ITEM('',(#2752),#1616);
#1531=STYLED_ITEM('',(#2752),#1617);
#1532=STYLED_ITEM('',(#2750),#43);
#1533=STYLED_ITEM('',(#2750),#42);
#1534=ADVANCED_FACE('',(#110),#1436,.T.);
#1535=ADVANCED_FACE('',(#111),#44,.F.);
#1536=ADVANCED_FACE('',(#112),#45,.T.);
#1537=ADVANCED_FACE('',(#113),#46,.T.);
#1538=ADVANCED_FACE('',(#114),#47,.T.);
#1539=ADVANCED_FACE('',(#115),#48,.T.);
#1540=ADVANCED_FACE('',(#116),#49,.T.);
#1541=ADVANCED_FACE('',(#117),#50,.T.);
#1542=ADVANCED_FACE('',(#118),#51,.T.);
#1543=ADVANCED_FACE('',(#119),#52,.F.);
#1544=ADVANCED_FACE('',(#120),#53,.F.);
#1545=ADVANCED_FACE('',(#121),#54,.F.);
#1546=ADVANCED_FACE('',(#122),#55,.F.);
#1547=ADVANCED_FACE('',(#123),#56,.F.);
#1548=ADVANCED_FACE('',(#124,#20,#21,#22),#57,.F.);
#1549=ADVANCED_FACE('',(#125),#58,.T.);
#1550=ADVANCED_FACE('',(#126),#59,.T.);
#1551=ADVANCED_FACE('',(#127),#60,.F.);
#1552=ADVANCED_FACE('',(#128),#61,.F.);
#1553=ADVANCED_FACE('',(#129),#62,.F.);
#1554=ADVANCED_FACE('',(#130),#63,.T.);
#1555=ADVANCED_FACE('',(#131),#64,.F.);
#1556=ADVANCED_FACE('',(#132),#65,.F.);
#1557=ADVANCED_FACE('',(#133),#66,.F.);
#1558=ADVANCED_FACE('',(#134),#67,.F.);
#1559=ADVANCED_FACE('',(#135),#68,.F.);
#1560=ADVANCED_FACE('',(#136),#69,.F.);
#1561=ADVANCED_FACE('',(#137),#70,.T.);
#1562=ADVANCED_FACE('',(#138),#71,.T.);
#1563=ADVANCED_FACE('',(#139),#72,.T.);
#1564=ADVANCED_FACE('',(#140),#73,.T.);
#1565=ADVANCED_FACE('',(#141),#74,.T.);
#1566=ADVANCED_FACE('',(#142),#1437,.F.);
#1567=ADVANCED_FACE('',(#143),#75,.T.);
#1568=ADVANCED_FACE('',(#144),#1438,.F.);
#1569=ADVANCED_FACE('',(#145),#76,.T.);
#1570=ADVANCED_FACE('',(#146),#1439,.F.);
#1571=ADVANCED_FACE('',(#147),#77,.T.);
#1572=ADVANCED_FACE('',(#148),#1440,.F.);
#1573=ADVANCED_FACE('',(#149),#1441,.T.);
#1574=ADVANCED_FACE('',(#150),#78,.T.);
#1575=ADVANCED_FACE('',(#151),#79,.F.);
#1576=ADVANCED_FACE('',(#152),#1442,.T.);
#1577=ADVANCED_FACE('',(#153),#1443,.T.);
#1578=ADVANCED_FACE('',(#154),#80,.T.);
#1579=ADVANCED_FACE('',(#155),#81,.F.);
#1580=ADVANCED_FACE('',(#156),#1444,.T.);
#1581=ADVANCED_FACE('',(#157),#82,.T.);
#1582=ADVANCED_FACE('',(#158),#83,.T.);
#1583=ADVANCED_FACE('',(#159),#84,.T.);
#1584=ADVANCED_FACE('',(#160),#85,.T.);
#1585=ADVANCED_FACE('',(#161),#86,.T.);
#1586=ADVANCED_FACE('',(#162),#87,.T.);
#1587=ADVANCED_FACE('',(#163),#88,.T.);
#1588=ADVANCED_FACE('',(#164),#89,.T.);
#1589=ADVANCED_FACE('',(#165),#90,.F.);
#1590=ADVANCED_FACE('',(#166),#91,.F.);
#1591=ADVANCED_FACE('',(#167),#92,.F.);
#1592=ADVANCED_FACE('',(#168),#93,.F.);
#1593=ADVANCED_FACE('',(#169),#94,.F.);
#1594=ADVANCED_FACE('',(#170),#95,.F.);
#1595=ADVANCED_FACE('',(#171),#14,.F.);
#1596=ADVANCED_FACE('',(#172),#15,.F.);
#1597=ADVANCED_FACE('',(#173),#16,.F.);
#1598=ADVANCED_FACE('',(#174),#17,.F.);
#1599=ADVANCED_FACE('',(#175,#23),#18,.F.);
#1600=ADVANCED_FACE('',(#176,#24),#19,.F.);
#1601=ADVANCED_FACE('',(#177,#25,#26),#96,.F.);
#1602=ADVANCED_FACE('',(#178),#97,.F.);
#1603=ADVANCED_FACE('',(#179),#98,.T.);
#1604=ADVANCED_FACE('',(#180),#1445,.T.);
#1605=ADVANCED_FACE('',(#181),#99,.T.);
#1606=ADVANCED_FACE('',(#182),#1446,.T.);
#1607=ADVANCED_FACE('',(#183),#100,.T.);
#1608=ADVANCED_FACE('',(#184),#101,.F.);
#1609=ADVANCED_FACE('',(#185),#102,.T.);
#1610=ADVANCED_FACE('',(#186),#103,.F.);
#1611=ADVANCED_FACE('',(#187),#104,.F.);
#1612=ADVANCED_FACE('',(#188),#105,.F.);
#1613=ADVANCED_FACE('',(#189),#106,.F.);
#1614=ADVANCED_FACE('',(#190),#107,.F.);
#1615=ADVANCED_FACE('',(#191),#108,.F.);
#1616=ADVANCED_FACE('',(#192),#1447,.F.);
#1617=ADVANCED_FACE('',(#193,#27),#109,.F.);
#1618=CLOSED_SHELL('',(#1534,#1535,#1536));
#1619=CLOSED_SHELL('',(#1537,#1538,#1539,#1540,#1541,#1542,#1543,#1544,
#1545,#1546,#1547,#1548,#1549,#1550,#1551,#1552,#1553,#1554,#1555,#1556,
#1557,#1558,#1559,#1560,#1561,#1562,#1563,#1564,#1565,#1566,#1567,#1568,
#1569,#1570,#1571,#1572,#1573,#1574,#1575,#1576,#1577,#1578,#1579,#1580,
#1581,#1582,#1583,#1584,#1585,#1586,#1587,#1588,#1589,#1590,#1591,#1592,
#1593,#1594,#1595,#1596,#1597,#1598,#1599,#1600,#1601,#1602,#1603,#1604,
#1605,#1606,#1607));
#1620=CLOSED_SHELL('',(#1608,#1609,#1610,#1611,#1612,#1613,#1614,#1615,
#1616,#1617));
#1621=DERIVED_UNIT_ELEMENT(#1624,1.);
#1622=DERIVED_UNIT_ELEMENT(#2736,-3.);
#1623=DIMENSIONAL_EXPONENTS(0.,1.,0.,0.,0.,0.,0.);
#1624=(
CONVERSION_BASED_UNIT('gram',#1626)
MASS_UNIT()
NAMED_UNIT(#1623)
);
#1625=(
MASS_UNIT()
NAMED_UNIT(*)
SI_UNIT(.KILO.,.GRAM.)
);
#1626=MASS_MEASURE_WITH_UNIT(MASS_MEASURE(0.001),#1625);
#1627=DERIVED_UNIT((#1621,#1622));
#1628=MEASURE_REPRESENTATION_ITEM('density measure',
POSITIVE_RATIO_MEASURE(1.),#1627);
#1629=PROPERTY_DEFINITION_REPRESENTATION(#1634,#1631);
#1630=PROPERTY_DEFINITION_REPRESENTATION(#1635,#1632);
#1631=REPRESENTATION('material name',(#1633),#2733);
#1632=REPRESENTATION('density',(#1628),#2733);
#1633=DESCRIPTIVE_REPRESENTATION_ITEM('Generic','Generic');
#1634=PROPERTY_DEFINITION('material property','material name',#2743);
#1635=PROPERTY_DEFINITION('material property','density of part',#2743);
#1636=DATE_TIME_ROLE('creation_date');
#1637=APPLIED_DATE_AND_TIME_ASSIGNMENT(#1638,#1636,(#2743));
#1638=DATE_AND_TIME(#1639,#1640);
#1639=CALENDAR_DATE(2024,4,1);
#1640=LOCAL_TIME(0,0,0.,#1641);
#1641=COORDINATED_UNIVERSAL_TIME_OFFSET(0,0,.BEHIND.);
#1642=AXIS2_PLACEMENT_3D('',#2131,#1747,#1748);
#1643=AXIS2_PLACEMENT_3D('',#2132,#1749,#1750);
#1644=AXIS2_PLACEMENT_3D('',#2134,#1751,#1752);
#1645=AXIS2_PLACEMENT_3D('',#2137,#1754,#1755);
#1646=AXIS2_PLACEMENT_3D('',#2138,#1756,#1757);
#1647=AXIS2_PLACEMENT_3D('',#2139,#1758,#1759);
#1648=AXIS2_PLACEMENT_3D('',#2140,#1760,#1761);
#1649=AXIS2_PLACEMENT_3D('',#2143,#1762,#1763);
#1650=AXIS2_PLACEMENT_3D('',#2159,#1771,#1772);
#1651=AXIS2_PLACEMENT_3D('',#2163,#1774,#1775);
#1652=AXIS2_PLACEMENT_3D('',#2165,#1777,#1778);
#1653=AXIS2_PLACEMENT_3D('',#2171,#1782,#1783);
#1654=AXIS2_PLACEMENT_3D('',#2175,#1786,#1787);
#1655=AXIS2_PLACEMENT_3D('',#2181,#1791,#1792);
#1656=AXIS2_PLACEMENT_3D('',#2185,#1795,#1796);
#1657=AXIS2_PLACEMENT_3D('',#2196,#1803,#1804);
#1658=AXIS2_PLACEMENT_3D('',#2213,#1813,#1814);
#1659=AXIS2_PLACEMENT_3D('',#2222,#1819,#1820);
#1660=AXIS2_PLACEMENT_3D('',#2231,#1825,#1826);
#1661=AXIS2_PLACEMENT_3D('',#2236,#1830,#1831);
#1662=AXIS2_PLACEMENT_3D('',#2241,#1835,#1836);
#1663=AXIS2_PLACEMENT_3D('',#2298,#1849,#1850);
#1664=AXIS2_PLACEMENT_3D('',#2310,#1853,#1854);
#1665=AXIS2_PLACEMENT_3D('',#2325,#1857,#1858);
#1666=AXIS2_PLACEMENT_3D('',#2327,#1860,#1861);
#1667=AXIS2_PLACEMENT_3D('',#2336,#1867,#1868);
#1668=AXIS2_PLACEMENT_3D('',#2345,#1874,#1875);
#1669=AXIS2_PLACEMENT_3D('',#2351,#1879,#1880);
#1670=AXIS2_PLACEMENT_3D('',#2357,#1884,#1885);
#1671=AXIS2_PLACEMENT_3D('',#2359,#1887,#1888);
#1672=AXIS2_PLACEMENT_3D('',#2361,#1890,#1891);
#1673=AXIS2_PLACEMENT_3D('',#2364,#1894,#1895);
#1674=AXIS2_PLACEMENT_3D('',#2365,#1896,#1897);
#1675=AXIS2_PLACEMENT_3D('',#2366,#1898,#1899);
#1676=AXIS2_PLACEMENT_3D('',#2375,#1904,#1905);
#1677=AXIS2_PLACEMENT_3D('',#2384,#1910,#1911);
#1678=AXIS2_PLACEMENT_3D('',#2390,#1915,#1916);
#1679=AXIS2_PLACEMENT_3D('',#2396,#1920,#1921);
#1680=AXIS2_PLACEMENT_3D('',#2402,#1925,#1926);
#1681=AXIS2_PLACEMENT_3D('',#2404,#1927,#1928);
#1682=AXIS2_PLACEMENT_3D('',#2406,#1929,#1930);
#1683=AXIS2_PLACEMENT_3D('',#2408,#1932,#1933);
#1684=AXIS2_PLACEMENT_3D('',#2414,#1937,#1938);
#1685=AXIS2_PLACEMENT_3D('',#2416,#1939,#1940);
#1686=AXIS2_PLACEMENT_3D('',#2418,#1941,#1942);
#1687=AXIS2_PLACEMENT_3D('',#2420,#1944,#1945);
#1688=AXIS2_PLACEMENT_3D('',#2426,#1949,#1950);
#1689=AXIS2_PLACEMENT_3D('',#2428,#1951,#1952);
#1690=AXIS2_PLACEMENT_3D('',#2430,#1953,#1954);
#1691=AXIS2_PLACEMENT_3D('',#2432,#1956,#1957);
#1692=AXIS2_PLACEMENT_3D('',#2438,#1961,#1962);
#1693=AXIS2_PLACEMENT_3D('',#2440,#1963,#1964);
#1694=AXIS2_PLACEMENT_3D('',#2442,#1965,#1966);
#1695=AXIS2_PLACEMENT_3D('',#2444,#1968,#1969);
#1696=AXIS2_PLACEMENT_3D('',#2446,#1970,#1971);
#1697=AXIS2_PLACEMENT_3D('',#2448,#1972,#1973);
#1698=AXIS2_PLACEMENT_3D('',#2450,#1975,#1976);
#1699=AXIS2_PLACEMENT_3D('',#2455,#1979,#1980);
#1700=AXIS2_PLACEMENT_3D('',#2456,#1981,#1982);
#1701=AXIS2_PLACEMENT_3D('',#2460,#1985,#1986);
#1702=AXIS2_PLACEMENT_3D('',#2463,#1988,#1989);
#1703=AXIS2_PLACEMENT_3D('',#2464,#1990,#1991);
#1704=AXIS2_PLACEMENT_3D('',#2466,#1992,#1993);
#1705=AXIS2_PLACEMENT_3D('',#2468,#1994,#1995);
#1706=AXIS2_PLACEMENT_3D('',#2470,#1997,#1998);
#1707=AXIS2_PLACEMENT_3D('',#2475,#2001,#2002);
#1708=AXIS2_PLACEMENT_3D('',#2476,#2003,#2004);
#1709=AXIS2_PLACEMENT_3D('',#2480,#2007,#2008);
#1710=AXIS2_PLACEMENT_3D('',#2483,#2010,#2011);
#1711=AXIS2_PLACEMENT_3D('',#2484,#2012,#2013);
#1712=AXIS2_PLACEMENT_3D('',#2491,#2015,#2016);
#1713=AXIS2_PLACEMENT_3D('',#2501,#2018,#2019);
#1714=AXIS2_PLACEMENT_3D('',#2503,#2021,#2022);
#1715=AXIS2_PLACEMENT_3D('',#2508,#2023,#2024);
#1716=AXIS2_PLACEMENT_3D('',#2515,#2026,#2027);
#1717=AXIS2_PLACEMENT_3D('',#2525,#2029,#2030);
#1718=AXIS2_PLACEMENT_3D('',#2527,#2032,#2033);
#1719=AXIS2_PLACEMENT_3D('',#2532,#2034,#2035);
#1720=AXIS2_PLACEMENT_3D('',#2534,#2037,#2038);
#1721=AXIS2_PLACEMENT_3D('',#2536,#2040,#2041);
#1722=AXIS2_PLACEMENT_3D('',#2538,#2043,#2044);
#1723=AXIS2_PLACEMENT_3D('',#2540,#2046,#2047);
#1724=AXIS2_PLACEMENT_3D('',#2541,#2048,#2049);
#1725=AXIS2_PLACEMENT_3D('',#2666,#2062,#2063);
#1726=AXIS2_PLACEMENT_3D('',#2667,#2064,#2065);
#1727=AXIS2_PLACEMENT_3D('',#2668,#2066,#2067);
#1728=AXIS2_PLACEMENT_3D('',#2669,#2068,#2069);
#1729=AXIS2_PLACEMENT_3D('',#2674,#2071,#2072);
#1730=AXIS2_PLACEMENT_3D('',#2677,#2074,#2075);
#1731=AXIS2_PLACEMENT_3D('',#2678,#2076,#2077);
#1732=AXIS2_PLACEMENT_3D('',#2681,#2080,#2081);
#1733=AXIS2_PLACEMENT_3D('',#2683,#2083,#2084);
#1734=AXIS2_PLACEMENT_3D('',#2685,#2086,#2087);
#1735=AXIS2_PLACEMENT_3D('',#2686,#2088,#2089);
#1736=AXIS2_PLACEMENT_3D('',#2688,#2090,#2091);
#1737=AXIS2_PLACEMENT_3D('',#2689,#2092,#2093);
#1738=AXIS2_PLACEMENT_3D('',#2702,#2100,#2101);
#1739=AXIS2_PLACEMENT_3D('',#2708,#2105,#2106);
#1740=AXIS2_PLACEMENT_3D('',#2712,#2109,#2110);
#1741=AXIS2_PLACEMENT_3D('',#2716,#2113,#2114);
#1742=AXIS2_PLACEMENT_3D('',#2720,#2117,#2118);
#1743=AXIS2_PLACEMENT_3D('',#2724,#2121,#2122);
#1744=AXIS2_PLACEMENT_3D('',#2726,#2124,#2125);
#1745=AXIS2_PLACEMENT_3D('',#2729,#2127,#2128);
#1746=AXIS2_PLACEMENT_3D('',#2730,#2129,#2130);
#1747=DIRECTION('axis',(0.,0.,1.));
#1748=DIRECTION('refdir',(1.,0.,0.));
#1749=DIRECTION('center_axis',(0.,-1.,2.22044604925031E-16));
#1750=DIRECTION('ref_axis',(-1.,0.,0.));
#1751=DIRECTION('center_axis',(0.,1.,-2.22044604925031E-16));
#1752=DIRECTION('ref_axis',(-1.,0.,0.));
#1753=DIRECTION('',(0.,1.,-2.22044604925031E-16));
#1754=DIRECTION('center_axis',(0.,-1.,2.22044604925031E-16));
#1755=DIRECTION('ref_axis',(-1.,0.,0.));
#1756=DIRECTION('center_axis',(0.,-1.,2.22044604925031E-16));
#1757=DIRECTION('ref_axis',(-1.,0.,0.));
#1758=DIRECTION('center_axis',(0.,-1.,2.22044604925031E-16));
#1759=DIRECTION('ref_axis',(-1.,0.,0.));
#1760=DIRECTION('center_axis',(0.,1.,-2.22044604925031E-16));
#1761=DIRECTION('ref_axis',(1.,0.,0.));
#1762=DIRECTION('center_axis',(0.,-1.,2.22044604925031E-16));
#1763=DIRECTION('ref_axis',(0.,-2.22044604925031E-16,-1.));
#1764=DIRECTION('',(0.,2.22044604925031E-16,1.));
#1765=DIRECTION('',(1.,0.,0.));
#1766=DIRECTION('',(0.707106781186547,-1.57009245868378E-16,-0.707106781186548));
#1767=DIRECTION('',(-2.1984614349013E-16,-2.22044604925031E-16,-1.));
#1768=DIRECTION('',(-0.707106781186548,-1.57009245868377E-16,-0.707106781186547));
#1769=DIRECTION('',(-1.,6.54475308535131E-32,2.94749475564201E-16));
#1770=DIRECTION('',(0.,2.22044604925031E-16,1.));
#1771=DIRECTION('center_axis',(0.,-1.,2.22044604925031E-16));
#1772=DIRECTION('ref_axis',(0.,-2.22044604925031E-16,-1.));
#1773=DIRECTION('',(-1.,4.99036055832606E-32,2.24745859509217E-16));
#1774=DIRECTION('center_axis',(0.,-1.,2.22044604925031E-16));
#1775=DIRECTION('ref_axis',(-0.913761969825841,9.02056207507938E-17,0.40625));
#1776=DIRECTION('',(1.,-4.99036055832606E-32,-2.24745859509217E-16));
#1777=DIRECTION('center_axis',(0.,-2.22044604925031E-16,-1.));
#1778=DIRECTION('ref_axis',(0.,1.,-2.22044604925031E-16));
#1779=DIRECTION('',(0.,1.,-2.22044604925031E-16));
#1780=DIRECTION('',(1.,0.,0.));
#1781=DIRECTION('',(0.,1.,-2.22044604925031E-16));
#1782=DIRECTION('center_axis',(-0.707106781186548,-1.57009245868377E-16,
-0.707106781186547));
#1783=DIRECTION('ref_axis',(0.,1.,-2.22044604925031E-16));
#1784=DIRECTION('',(0.707106781186547,-1.57009245868378E-16,-0.707106781186548));
#1785=DIRECTION('',(0.,1.,-2.22044604925031E-16));
#1786=DIRECTION('center_axis',(-0.707106781186547,1.57009245868378E-16,
0.707106781186548));
#1787=DIRECTION('ref_axis',(0.,1.,-2.22044604925031E-16));
#1788=DIRECTION('',(0.,1.,-2.22044604925031E-16));
#1789=DIRECTION('',(-0.707106781186548,-1.57009245868377E-16,-0.707106781186547));
#1790=DIRECTION('',(0.,1.,-2.22044604925031E-16));
#1791=DIRECTION('center_axis',(2.94749475564201E-16,2.22044604925031E-16,
1.));
#1792=DIRECTION('ref_axis',(0.,-1.,2.22044604925031E-16));
#1793=DIRECTION('',(-1.,6.54475308535131E-32,2.94749475564201E-16));
#1794=DIRECTION('',(0.,1.,-2.22044604925031E-16));
#1795=DIRECTION('center_axis',(1.,0.,0.));
#1796=DIRECTION('ref_axis',(0.,-1.,2.22044604925031E-16));
#1797=DIRECTION('',(0.,-1.,2.22044604925031E-16));
#1798=DIRECTION('',(0.,2.22044604925031E-16,1.));
#1799=DIRECTION('',(0.,2.22044604925031E-16,1.));
#1800=DIRECTION('',(0.,2.22044604925031E-16,1.));
#1801=DIRECTION('',(0.,1.,-2.22044604925031E-16));
#1802=DIRECTION('',(0.,-2.22044604925031E-16,-1.));
#1803=DIRECTION('center_axis',(-1.,3.20920488593981E-32,1.44529739284741E-16));
#1804=DIRECTION('ref_axis',(0.,1.,-2.22044604925031E-16));
#1805=DIRECTION('',(1.44529739284741E-16,2.22044604925031E-16,1.));
#1806=DIRECTION('',(0.,1.,-2.22044604925031E-16));
#1807=DIRECTION('',(1.44529739284741E-16,2.22044604925031E-16,1.));
#1808=DIRECTION('',(0.,1.,-2.22044604925031E-16));
#1809=DIRECTION('',(-1.44529739284741E-16,-2.22044604925031E-16,-1.));
#1810=DIRECTION('',(0.,-1.,2.22044604925031E-16));
#1811=DIRECTION('',(1.44529739284741E-16,2.22044604925031E-16,1.));
#1812=DIRECTION('',(0.,1.,-2.22044604925031E-16));
#1813=DIRECTION('center_axis',(1.18224394352754E-16,-2.22044604925031E-16,
-1.));
#1814=DIRECTION('ref_axis',(0.,1.,-2.22044604925031E-16));
#1815=DIRECTION('',(-1.,-4.10011599125227E-32,-1.18224394352754E-16));
#1816=DIRECTION('',(0.,1.,-2.22044604925031E-16));
#1817=DIRECTION('',(-1.,1.69065261412634E-32,-1.18224394352754E-16));
#1818=DIRECTION('',(0.,1.,-2.22044604925031E-16));
#1819=DIRECTION('center_axis',(2.36448788705508E-16,2.22044604925031E-16,
1.));
#1820=DIRECTION('ref_axis',(0.,-1.,2.22044604925031E-16));
#1821=DIRECTION('',(1.,-3.77521068971523E-32,-2.36448788705508E-16));
#1822=DIRECTION('',(0.,1.,-2.22044604925031E-16));
#1823=DIRECTION('',(1.,-9.56597929509384E-32,-2.36448788705508E-16));
#1824=DIRECTION('',(0.,1.,-2.22044604925031E-16));
#1825=DIRECTION('center_axis',(-0.707106781186548,-1.57009245868377E-16,
-0.707106781186547));
#1826=DIRECTION('ref_axis',(0.,1.,-2.22044604925031E-16));
#1827=DIRECTION('',(-0.707106781186547,1.57009245868378E-16,0.707106781186548));
#1828=DIRECTION('',(-0.707106781186547,1.57009245868378E-16,0.707106781186548));
#1829=DIRECTION('',(0.,1.,-2.22044604925031E-16));
#1830=DIRECTION('center_axis',(-0.707106781186547,1.57009245868378E-16,
0.707106781186548));
#1831=DIRECTION('ref_axis',(0.,1.,-2.22044604925031E-16));
#1832=DIRECTION('',(0.707106781186548,1.57009245868377E-16,0.707106781186547));
#1833=DIRECTION('',(0.,1.,-2.22044604925031E-16));
#1834=DIRECTION('',(0.707106781186548,1.57009245868377E-16,0.707106781186547));
#1835=DIRECTION('center_axis',(4.31576150778217E-32,1.,-2.22044604925031E-16));
#1836=DIRECTION('ref_axis',(1.,-4.31576150778217E-32,9.58291558946149E-48));
#1837=DIRECTION('',(0.,-2.22044604925031E-16,-1.));
#1838=DIRECTION('',(0.707106781186548,1.57009245868377E-16,0.707106781186547));
#1839=DIRECTION('',(1.44529739284741E-16,2.22044604925031E-16,1.));
#1840=DIRECTION('',(-0.707106781186547,1.57009245868378E-16,0.707106781186548));
#1841=DIRECTION('',(-1.,4.31576150778217E-32,-9.58291558946149E-48));
#1842=DIRECTION('',(0.,2.22044604925031E-16,1.));
#1843=DIRECTION('',(1.,-4.31576150778217E-32,9.58291558946149E-48));
#1844=DIRECTION('',(0.,-2.22044604925031E-16,-1.));
#1845=DIRECTION('',(1.,1.10916780473157E-31,6.93889390390722E-16));
#1846=DIRECTION('',(0.,-2.22044604925031E-16,-1.));
#1847=DIRECTION('',(-1.,-1.10916780473157E-31,-6.93889390390722E-16));
#1848=DIRECTION('',(0.,2.22044604925031E-16,1.));
#1849=DIRECTION('center_axis',(-1.,0.,0.));
#1850=DIRECTION('ref_axis',(0.,1.,-2.22044604925031E-16));
#1851=DIRECTION('',(0.,-1.,2.22044604925031E-16));
#1852=DIRECTION('',(0.,-1.,2.22044604925031E-16));
#1853=DIRECTION('center_axis',(1.,0.,0.));
#1854=DIRECTION('ref_axis',(0.,-1.,2.22044604925031E-16));
#1855=DIRECTION('',(0.,-1.,2.22044604925031E-16));
#1856=DIRECTION('',(0.,-1.,2.22044604925031E-16));
#1857=DIRECTION('center_axis',(1.,0.,0.));
#1858=DIRECTION('ref_axis',(0.,-1.,2.22044604925031E-16));
#1859=DIRECTION('',(0.,-2.22044604925031E-16,-1.));
#1860=DIRECTION('center_axis',(0.,1.,-2.22044604925031E-16));
#1861=DIRECTION('ref_axis',(1.,0.,0.));
#1862=DIRECTION('',(-1.,0.,0.));
#1863=DIRECTION('',(-2.1984614349013E-16,-2.22044604925031E-16,-1.));
#1864=DIRECTION('',(-1.,0.,0.));
#1865=DIRECTION('',(0.,-2.22044604925031E-16,-1.));
#1866=DIRECTION('',(-1.,-2.62510889365583E-32,-1.18224394352754E-16));
#1867=DIRECTION('center_axis',(0.,1.,-2.22044604925031E-16));
#1868=DIRECTION('ref_axis',(1.,0.,0.));
#1869=DIRECTION('',(1.,0.,0.));
#1870=DIRECTION('',(1.,-5.25021778731167E-32,-2.36448788705508E-16));
#1871=DIRECTION('',(0.,-2.22044604925031E-16,-1.));
#1872=DIRECTION('',(1.,0.,0.));
#1873=DIRECTION('',(-2.1984614349013E-16,-2.22044604925031E-16,-1.));
#1874=DIRECTION('center_axis',(-1.,4.88156500755576E-32,2.1984614349013E-16));
#1875=DIRECTION('ref_axis',(0.,1.,-2.22044604925031E-16));
#1876=DIRECTION('',(0.,1.,-2.22044604925031E-16));
#1877=DIRECTION('',(2.1984614349013E-16,2.22044604925031E-16,1.));
#1878=DIRECTION('',(0.,-1.,2.22044604925031E-16));
#1879=DIRECTION('center_axis',(0.,1.,-2.22044604925031E-16));
#1880=DIRECTION('ref_axis',(1.,0.,0.));
#1881=DIRECTION('',(-1.,0.,0.));
#1882=DIRECTION('',(0.,2.22044604925031E-16,1.));
#1883=DIRECTION('',(1.,0.,0.));
#1884=DIRECTION('center_axis',(0.,-2.22044604925031E-16,-1.));
#1885=DIRECTION('ref_axis',(0.,1.,-2.22044604925031E-16));
#1886=DIRECTION('',(0.,1.,-2.22044604925031E-16));
#1887=DIRECTION('center_axis',(0.,2.22044604925031E-16,1.));
#1888=DIRECTION('ref_axis',(0.,-1.,2.22044604925031E-16));
#1889=DIRECTION('',(0.,-1.,2.22044604925031E-16));
#1890=DIRECTION('center_axis',(0.,1.,-2.22044604925031E-16));
#1891=DIRECTION('ref_axis',(1.,0.,0.));
#1892=DIRECTION('',(-1.,0.,0.));
#1893=DIRECTION('',(1.,0.,0.));
#1894=DIRECTION('center_axis',(0.,-2.22044604925031E-16,-1.));
#1895=DIRECTION('ref_axis',(0.,1.,-2.22044604925031E-16));
#1896=DIRECTION('center_axis',(0.,2.22044604925031E-16,1.));
#1897=DIRECTION('ref_axis',(0.,-1.,2.22044604925031E-16));
#1898=DIRECTION('center_axis',(1.,1.19762896455201E-79,5.39364135848457E-64));
#1899=DIRECTION('ref_axis',(0.,-1.,2.22044604925031E-16));
#1900=DIRECTION('',(-5.39364135848457E-64,2.22044604925031E-16,1.));
#1901=DIRECTION('',(0.,-1.,2.22044604925031E-16));
#1902=DIRECTION('',(-5.39364135848457E-64,2.22044604925031E-16,1.));
#1903=DIRECTION('',(0.,-1.,2.22044604925031E-16));
#1904=DIRECTION('center_axis',(-1.,-1.19762896455201E-79,-5.39364135848457E-64));
#1905=DIRECTION('ref_axis',(0.,1.,-2.22044604925031E-16));
#1906=DIRECTION('',(5.39364135848457E-64,-2.22044604925031E-16,-1.));
#1907=DIRECTION('',(0.,-1.,2.22044604925031E-16));
#1908=DIRECTION('',(5.39364135848457E-64,-2.22044604925031E-16,-1.));
#1909=DIRECTION('',(0.,-1.,2.22044604925031E-16));
#1910=DIRECTION('center_axis',(-1.56200293364502E-48,1.,-2.22044604925031E-16));
#1911=DIRECTION('ref_axis',(1.,1.56200293364502E-48,-3.46834324292948E-64));
#1912=DIRECTION('',(1.,-1.4294596125364E-49,5.7110451534065E-64));
#1913=DIRECTION('',(-1.,1.4294596125364E-49,-5.7110451534065E-64));
#1914=DIRECTION('',(-5.39364135848457E-64,2.22044604925031E-16,1.));
#1915=DIRECTION('center_axis',(-1.15452390747675E-48,1.,-2.22044604925031E-16));
#1916=DIRECTION('ref_axis',(1.,1.15452390747675E-48,-2.56355804912178E-64));
#1917=DIRECTION('',(5.39364135848457E-64,-2.22044604925031E-16,-1.));
#1918=DIRECTION('',(-1.,1.4294596125364E-49,-5.7110451534065E-64));
#1919=DIRECTION('',(1.,-1.4294596125364E-49,5.7110451534065E-64));
#1920=DIRECTION('center_axis',(-1.,-1.19762896455201E-79,-5.39364135848457E-64));
#1921=DIRECTION('ref_axis',(0.,1.,-2.22044604925031E-16));
#1922=DIRECTION('',(5.39364135848457E-64,-2.22044604925031E-16,-1.));
#1923=DIRECTION('',(0.,1.,-2.22044604925031E-16));
#1924=DIRECTION('',(0.,1.,-2.22044604925031E-16));
#1925=DIRECTION('center_axis',(5.39364135848457E-64,-2.22044604925031E-16,
-1.));
#1926=DIRECTION('ref_axis',(0.707106781186549,-0.707106781186546,1.57009245868377E-16));
#1927=DIRECTION('center_axis',(-6.93889390390722E-16,2.22044604925031E-16,
1.));
#1928=DIRECTION('ref_axis',(0.707106781186549,-0.707106781186546,1.57009245868377E-16));
#1929=DIRECTION('center_axis',(6.93889390390722E-16,-2.22044604925031E-16,
-1.));
#1930=DIRECTION('ref_axis',(0.707106781186549,-0.707106781186546,1.57009245868377E-16));
#1931=DIRECTION('',(-5.39364135848457E-64,2.22044604925031E-16,1.));
#1932=DIRECTION('center_axis',(2.57351937127895E-49,1.,-2.22044604925031E-16));
#1933=DIRECTION('ref_axis',(1.,-2.57351937127895E-49,5.7143609206255E-65));
#1934=DIRECTION('',(0.,-2.22044604925031E-16,-1.));
#1935=DIRECTION('',(-1.,-4.20202896957215E-32,-1.89242561015652E-16));
#1936=DIRECTION('',(1.,2.80135264638143E-32,1.26161707343768E-16));
#1937=DIRECTION('center_axis',(0.,-2.22044604925031E-16,-1.));
#1938=DIRECTION('ref_axis',(-0.707106781186549,-0.707106781186546,1.57009245868377E-16));
#1939=DIRECTION('center_axis',(-6.93889390390722E-16,2.22044604925031E-16,
1.));
#1940=DIRECTION('ref_axis',(-0.707106781186549,-0.707106781186546,1.57009245868377E-16));
#1941=DIRECTION('center_axis',(6.93889390390722E-16,-2.22044604925031E-16,
-1.));
#1942=DIRECTION('ref_axis',(-0.707106781186549,-0.707106781186546,1.57009245868377E-16));
#1943=DIRECTION('',(0.,2.22044604925031E-16,1.));
#1944=DIRECTION('center_axis',(1.,1.19762896455201E-79,5.39364135848457E-64));
#1945=DIRECTION('ref_axis',(0.,-1.,2.22044604925031E-16));
#1946=DIRECTION('',(-5.39364135848457E-64,2.22044604925031E-16,1.));
#1947=DIRECTION('',(0.,1.,-2.22044604925031E-16));
#1948=DIRECTION('',(0.,1.,-2.22044604925031E-16));
#1949=DIRECTION('center_axis',(-5.39364135848457E-64,2.22044604925031E-16,
1.));
#1950=DIRECTION('ref_axis',(-0.707106781186549,-0.707106781186546,1.57009245868377E-16));
#1951=DIRECTION('center_axis',(4.15306608674255E-64,-2.22044604925031E-16,
-1.));
#1952=DIRECTION('ref_axis',(-0.707106781186549,-0.707106781186546,1.57009245868377E-16));
#1953=DIRECTION('center_axis',(-4.15306608674255E-64,2.22044604925031E-16,
1.));
#1954=DIRECTION('ref_axis',(-0.707106781186549,-0.707106781186546,1.57009245868377E-16));
#1955=DIRECTION('',(5.39364135848457E-64,-2.22044604925031E-16,-1.));
#1956=DIRECTION('center_axis',(1.4294596125364E-49,1.,-2.22044604925031E-16));
#1957=DIRECTION('ref_axis',(1.,-1.4294596125364E-49,3.17403794921933E-65));
#1958=DIRECTION('',(0.,2.22044604925031E-16,1.));
#1959=DIRECTION('',(1.,1.19762896455201E-79,5.39364135848457E-64));
#1960=DIRECTION('',(-1.,-2.80135264638143E-32,-1.26161707343768E-16));
#1961=DIRECTION('center_axis',(0.,2.22044604925031E-16,1.));
#1962=DIRECTION('ref_axis',(0.707106781186549,-0.707106781186546,1.57009245868377E-16));
#1963=DIRECTION('center_axis',(4.15306608674255E-64,-2.22044604925031E-16,
-1.));
#1964=DIRECTION('ref_axis',(0.707106781186549,-0.707106781186546,1.57009245868377E-16));
#1965=DIRECTION('center_axis',(-4.15306608674255E-64,2.22044604925031E-16,
1.));
#1966=DIRECTION('ref_axis',(0.707106781186549,-0.707106781186546,1.57009245868377E-16));
#1967=DIRECTION('',(0.,-2.22044604925031E-16,-1.));
#1968=DIRECTION('center_axis',(5.39364135848457E-64,-2.22044604925031E-16,
-1.));
#1969=DIRECTION('ref_axis',(0.707106781186548,-0.707106781186547,1.57009245868377E-16));
#1970=DIRECTION('center_axis',(-6.93889390390722E-16,2.22044604925031E-16,
1.));
#1971=DIRECTION('ref_axis',(0.707106781186548,-0.707106781186547,1.57009245868377E-16));
#1972=DIRECTION('center_axis',(6.93889390390722E-16,-2.22044604925031E-16,
-1.));
#1973=DIRECTION('ref_axis',(0.707106781186548,-0.707106781186547,1.57009245868377E-16));
#1974=DIRECTION('',(5.39364135848457E-64,-2.22044604925031E-16,-1.));
#1975=DIRECTION('center_axis',(6.93889390390722E-16,-2.22044604925031E-16,
-1.));
#1976=DIRECTION('ref_axis',(0.,1.,-2.22044604925031E-16));
#1977=DIRECTION('',(1.,1.68824466526943E-31,6.93889390390722E-16));
#1978=DIRECTION('',(-1.,-2.80135264638143E-32,-1.26161707343768E-16));
#1979=DIRECTION('center_axis',(-6.93889390390722E-16,2.22044604925031E-16,
1.));
#1980=DIRECTION('ref_axis',(-0.707106781186548,-0.707106781186547,1.57009245868377E-16));
#1981=DIRECTION('center_axis',(3.573649031341E-49,1.,-2.22044604925031E-16));
#1982=DIRECTION('ref_axis',(1.,-3.573649031341E-49,7.93509487304832E-65));
#1983=DIRECTION('',(0.,2.22044604925031E-16,1.));
#1984=DIRECTION('',(1.,4.20202896957215E-32,1.89242561015652E-16));
#1985=DIRECTION('center_axis',(0.,2.22044604925031E-16,1.));
#1986=DIRECTION('ref_axis',(-0.707106781186548,-0.707106781186547,1.57009245868377E-16));
#1987=DIRECTION('',(0.,-2.22044604925031E-16,-1.));
#1988=DIRECTION('center_axis',(6.93889390390722E-16,-2.22044604925031E-16,
-1.));
#1989=DIRECTION('ref_axis',(-0.707106781186548,-0.707106781186547,1.57009245868377E-16));
#1990=DIRECTION('center_axis',(-5.39364135848457E-64,2.22044604925031E-16,
1.));
#1991=DIRECTION('ref_axis',(-0.707106781186548,-0.707106781186547,1.57009245868377E-16));
#1992=DIRECTION('center_axis',(4.15306608674255E-64,-2.22044604925031E-16,
-1.));
#1993=DIRECTION('ref_axis',(-0.707106781186548,-0.707106781186547,1.57009245868377E-16));
#1994=DIRECTION('center_axis',(-4.15306608674255E-64,2.22044604925031E-16,
1.));
#1995=DIRECTION('ref_axis',(-0.707106781186548,-0.707106781186547,1.57009245868377E-16));
#1996=DIRECTION('',(-5.39364135848457E-64,2.22044604925031E-16,1.));
#1997=DIRECTION('center_axis',(-4.15306608674255E-64,2.22044604925031E-16,
1.));
#1998=DIRECTION('ref_axis',(0.,-1.,2.22044604925031E-16));
#1999=DIRECTION('',(-1.,-1.47500709759644E-32,3.27517368247418E-48));
#2000=DIRECTION('',(1.,2.80135264638143E-32,1.26161707343768E-16));
#2001=DIRECTION('center_axis',(4.15306608674255E-64,-2.22044604925031E-16,
-1.));
#2002=DIRECTION('ref_axis',(0.707106781186548,-0.707106781186547,1.57009245868377E-16));
#2003=DIRECTION('center_axis',(2.56121765344301E-49,1.,-2.22044604925031E-16));
#2004=DIRECTION('ref_axis',(1.,-2.56121765344301E-49,5.6870456198577E-65));
#2005=DIRECTION('',(0.,-2.22044604925031E-16,-1.));
#2006=DIRECTION('',(-1.,-1.19762896455201E-79,-5.39364135848457E-64));
#2007=DIRECTION('center_axis',(0.,-2.22044604925031E-16,-1.));
#2008=DIRECTION('ref_axis',(0.707106781186548,-0.707106781186547,1.57009245868377E-16));
#2009=DIRECTION('',(0.,2.22044604925031E-16,1.));
#2010=DIRECTION('center_axis',(-4.15306608674255E-64,2.22044604925031E-16,
1.));
#2011=DIRECTION('ref_axis',(0.707106781186548,-0.707106781186547,1.57009245868377E-16));
#2012=DIRECTION('center_axis',(-4.15306608674255E-64,2.22044604925031E-16,
1.));
#2013=DIRECTION('ref_axis',(0.,-1.,2.22044604925031E-16));
#2014=DIRECTION('',(0.,-1.,2.22044604925031E-16));
#2015=DIRECTION('center_axis',(-1.,0.,0.));
#2016=DIRECTION('ref_axis',(0.,1.,-2.22044604925031E-16));
#2017=DIRECTION('',(0.,-1.,2.22044604925031E-16));
#2018=DIRECTION('center_axis',(4.15306608674255E-64,-2.22044604925031E-16,
-1.));
#2019=DIRECTION('ref_axis',(0.,1.,-2.22044604925031E-16));
#2020=DIRECTION('',(1.,1.47500709759644E-32,-3.27517368247418E-48));
#2021=DIRECTION('center_axis',(4.15306608674255E-64,-2.22044604925031E-16,
-1.));
#2022=DIRECTION('ref_axis',(0.,1.,-2.22044604925031E-16));
#2023=DIRECTION('center_axis',(6.93889390390722E-16,-2.22044604925031E-16,
-1.));
#2024=DIRECTION('ref_axis',(0.,1.,-2.22044604925031E-16));
#2025=DIRECTION('',(0.,-1.,2.22044604925031E-16));
#2026=DIRECTION('center_axis',(1.,0.,0.));
#2027=DIRECTION('ref_axis',(0.,-1.,2.22044604925031E-16));
#2028=DIRECTION('',(0.,-1.,2.22044604925031E-16));
#2029=DIRECTION('center_axis',(-6.93889390390722E-16,2.22044604925031E-16,
1.));
#2030=DIRECTION('ref_axis',(0.,-1.,2.22044604925031E-16));
#2031=DIRECTION('',(-1.,-1.68824466526943E-31,-6.93889390390722E-16));
#2032=DIRECTION('center_axis',(-6.93889390390722E-16,2.22044604925031E-16,
1.));
#2033=DIRECTION('ref_axis',(0.,-1.,2.22044604925031E-16));
#2034=DIRECTION('center_axis',(-0.707106781186548,-1.57009245868377E-16,
-0.707106781186547));
#2035=DIRECTION('ref_axis',(0.,1.,-2.22044604925031E-16));
#2036=DIRECTION('',(0.,1.,-2.22044604925031E-16));
#2037=DIRECTION('center_axis',(1.18224394352754E-16,-2.22044604925031E-16,
-1.));
#2038=DIRECTION('ref_axis',(0.,1.,-2.22044604925031E-16));
#2039=DIRECTION('',(0.,1.,-2.22044604925031E-16));
#2040=DIRECTION('center_axis',(-1.,3.20920488593981E-32,1.44529739284741E-16));
#2041=DIRECTION('ref_axis',(0.,1.,-2.22044604925031E-16));
#2042=DIRECTION('',(0.,1.,-2.22044604925031E-16));
#2043=DIRECTION('center_axis',(1.,0.,0.));
#2044=DIRECTION('ref_axis',(0.,-1.,2.22044604925031E-16));
#2045=DIRECTION('',(0.,1.,-2.22044604925031E-16));
#2046=DIRECTION('center_axis',(-0.707106781186547,1.57009245868378E-16,
0.707106781186548));
#2047=DIRECTION('ref_axis',(0.,1.,-2.22044604925031E-16));
#2048=DIRECTION('center_axis',(2.36448788705508E-16,2.22044604925031E-16,
1.));
#2049=DIRECTION('ref_axis',(0.,-1.,2.22044604925031E-16));
#2050=DIRECTION('',(-0.566547274159515,-0.0548008070483892,0.822204997363351));
#2051=DIRECTION('',(1.,-3.77521068971523E-32,-2.36448788705508E-16));
#2052=DIRECTION('',(0.707278486841813,-0.0467617248719307,0.705386761385381));
#2053=DIRECTION('',(-0.820274146929344,-0.0548018772412752,0.569339159139935));
#2054=DIRECTION('',(0.707106781186548,1.57009245868377E-16,0.707106781186547));
#2055=DIRECTION('',(-0.566547274159516,-0.0548008070483896,-0.822204997363351));
#2056=DIRECTION('',(-0.707106781186547,1.57009245868378E-16,0.707106781186548));
#2057=DIRECTION('',(-0.820274146929344,-0.0548018772412754,-0.569339159139935));
#2058=DIRECTION('',(0.707278486841813,-0.046761724871931,-0.705386761385381));
#2059=DIRECTION('',(-1.,-4.10011599125227E-32,-1.18224394352754E-16));
#2060=DIRECTION('',(1.44529739284741E-16,2.22044604925031E-16,1.));
#2061=DIRECTION('',(0.,-2.22044604925031E-16,-1.));
#2062=DIRECTION('center_axis',(-1.47500709759644E-32,1.,-2.22044604925031E-16));
#2063=DIRECTION('ref_axis',(1.,1.47500709759644E-32,-3.27517368247418E-48));
#2064=DIRECTION('center_axis',(0.,1.,-2.22044604925031E-16));
#2065=DIRECTION('ref_axis',(1.,0.,0.));
#2066=DIRECTION('center_axis',(0.,-1.,2.22044604925031E-16));
#2067=DIRECTION('ref_axis',(0.,-2.22044604925031E-16,-1.));
#2068=DIRECTION('center_axis',(0.,1.,-2.22044604925031E-16));
#2069=DIRECTION('ref_axis',(1.,0.,0.));
#2070=DIRECTION('',(-1.,4.99036055832606E-32,2.24745859509217E-16));
#2071=DIRECTION('center_axis',(0.,-1.,2.22044604925031E-16));
#2072=DIRECTION('ref_axis',(0.,-2.22044604925031E-16,-1.));
#2073=DIRECTION('',(1.,-4.99036055832606E-32,-2.24745859509217E-16));
#2074=DIRECTION('center_axis',(0.,-1.,2.22044604925031E-16));
#2075=DIRECTION('ref_axis',(-0.913761969825841,9.02056207507938E-17,0.40625));
#2076=DIRECTION('center_axis',(0.,1.,-2.22044604925031E-16));
#2077=DIRECTION('ref_axis',(0.,-2.22044604925031E-16,-1.));
#2078=DIRECTION('',(0.,1.,-2.22044604925031E-16));
#2079=DIRECTION('',(0.,1.,-2.22044604925031E-16));
#2080=DIRECTION('center_axis',(-2.24745859509217E-16,-2.22044604925031E-16,
-1.));
#2081=DIRECTION('ref_axis',(0.,1.,-2.22044604925031E-16));
#2082=DIRECTION('',(0.,1.,-2.22044604925031E-16));
#2083=DIRECTION('center_axis',(0.,1.,-2.22044604925031E-16));
#2084=DIRECTION('ref_axis',(-0.913761969825841,9.02056207507938E-17,0.40625));
#2085=DIRECTION('',(0.,1.,-2.22044604925031E-16));
#2086=DIRECTION('center_axis',(2.24745859509217E-16,2.22044604925031E-16,
1.));
#2087=DIRECTION('ref_axis',(0.,-1.,2.22044604925031E-16));
#2088=DIRECTION('center_axis',(0.,1.,-2.22044604925031E-16));
#2089=DIRECTION('ref_axis',(1.,0.,0.));
#2090=DIRECTION('center_axis',(0.,-1.,2.22044604925031E-16));
#2091=DIRECTION('ref_axis',(-1.,0.,0.));
#2092=DIRECTION('center_axis',(2.95001419519288E-32,1.,-2.22044604925031E-16));
#2093=DIRECTION('ref_axis',(1.,-2.95001419519288E-32,6.55034736494836E-48));
#2094=DIRECTION('',(-1.,8.20023198250455E-32,2.36448788705508E-16));
#2095=DIRECTION('',(0.,2.22044604925031E-16,1.));
#2096=DIRECTION('',(1.,-3.24905301537041E-33,1.18224394352754E-16));
#2097=DIRECTION('',(0.707106781186547,-1.57009245868378E-16,-0.707106781186548));
#2098=DIRECTION('',(-1.44529739284741E-16,-2.22044604925031E-16,-1.));
#2099=DIRECTION('',(-0.707106781186548,-1.57009245868377E-16,-0.707106781186547));
#2100=DIRECTION('center_axis',(-0.707106781186547,1.57009245868378E-16,
0.707106781186548));
#2101=DIRECTION('ref_axis',(0.,1.,-2.22044604925031E-16));
#2102=DIRECTION('',(0.,1.,-2.22044604925031E-16));
#2103=DIRECTION('',(-0.707106781186548,-1.57009245868377E-16,-0.707106781186547));
#2104=DIRECTION('',(0.,1.,-2.22044604925031E-16));
#2105=DIRECTION('center_axis',(-1.,3.20920488593981E-32,1.44529739284741E-16));
#2106=DIRECTION('ref_axis',(0.,1.,-2.22044604925031E-16));
#2107=DIRECTION('',(0.,1.,-2.22044604925031E-16));
#2108=DIRECTION('',(-1.44529739284741E-16,-2.22044604925031E-16,-1.));
#2109=DIRECTION('center_axis',(-0.707106781186548,-1.57009245868377E-16,
-0.707106781186547));
#2110=DIRECTION('ref_axis',(0.,1.,-2.22044604925031E-16));
#2111=DIRECTION('',(0.,1.,-2.22044604925031E-16));
#2112=DIRECTION('',(0.707106781186547,-1.57009245868378E-16,-0.707106781186548));
#2113=DIRECTION('center_axis',(2.36448788705508E-16,2.22044604925031E-16,
1.));
#2114=DIRECTION('ref_axis',(0.,-1.,2.22044604925031E-16));
#2115=DIRECTION('',(-1.,5.25021778731167E-32,2.36448788705508E-16));
#2116=DIRECTION('',(0.,1.,-2.22044604925031E-16));
#2117=DIRECTION('center_axis',(1.18224394352754E-16,-2.22044604925031E-16,
-1.));
#2118=DIRECTION('ref_axis',(0.,1.,-2.22044604925031E-16));
#2119=DIRECTION('',(0.,1.,-2.22044604925031E-16));
#2120=DIRECTION('',(1.,2.62510889365583E-32,1.18224394352754E-16));
#2121=DIRECTION('center_axis',(1.,0.,0.));
#2122=DIRECTION('ref_axis',(0.,-1.,2.22044604925031E-16));
#2123=DIRECTION('',(0.,2.22044604925031E-16,1.));
#2124=DIRECTION('center_axis',(0.,-1.,2.22044604925031E-16));
#2125=DIRECTION('ref_axis',(-1.,0.,0.));
#2126=DIRECTION('',(0.,-1.,2.22044604925031E-16));
#2127=DIRECTION('center_axis',(0.,1.,-2.22044604925031E-16));
#2128=DIRECTION('ref_axis',(-1.,0.,0.));
#2129=DIRECTION('center_axis',(0.,1.,-2.22044604925031E-16));
#2130=DIRECTION('ref_axis',(1.,0.,0.));
#2131=CARTESIAN_POINT('',(0.,0.,0.));
#2132=CARTESIAN_POINT('Origin',(0.045,1.397,-1.08801856413265E-15));
#2133=CARTESIAN_POINT('',(5.545,0.896999999999999,-1.65055200120118E-15));
#2134=CARTESIAN_POINT('Origin',(0.045,0.896999999999999,-9.76996261670137E-16));
#2135=CARTESIAN_POINT('',(5.545,1.397,-1.7615743036637E-15));
#2136=CARTESIAN_POINT('',(5.545,1.397,-4.14462824601609E-16));
#2137=CARTESIAN_POINT('Origin',(0.045,1.397,-1.08801856413265E-15));
#2138=CARTESIAN_POINT('Origin',(0.045,1.397,-1.08801856413265E-15));
#2139=CARTESIAN_POINT('Origin',(0.045,0.896999999999999,-9.76996261670137E-16));
#2140=CARTESIAN_POINT('Origin',(0.238094669331083,2.997,-1.70291337346304E-15));
#2141=CARTESIAN_POINT('',(6.17,2.997,-1.625));
#2142=CARTESIAN_POINT('',(6.295,2.997,-1.62018517460196));
#2143=CARTESIAN_POINT('Origin',(6.17,2.997,2.97573108163078E-16));
#2144=CARTESIAN_POINT('',(6.295,2.997,-6.25));
#2145=CARTESIAN_POINT('',(6.295,2.997,-6.25));
#2146=CARTESIAN_POINT('',(-5.005,2.997,-6.25));
#2147=CARTESIAN_POINT('',(-5.005,2.997,-6.25));
#2148=CARTESIAN_POINT('',(-6.205,2.997,-5.05));
#2149=CARTESIAN_POINT('',(-6.205,2.997,-5.05));
#2150=CARTESIAN_POINT('',(-6.205,2.997,5.05));
#2151=CARTESIAN_POINT('',(-6.205,2.997,5.05));
#2152=CARTESIAN_POINT('',(-5.005,2.997,6.25));
#2153=CARTESIAN_POINT('',(-5.005,2.997,6.25));
#2154=CARTESIAN_POINT('',(6.295,2.997,6.25));
#2155=CARTESIAN_POINT('',(6.295,2.997,6.25));
#2156=CARTESIAN_POINT('',(6.295,2.997,1.62018517460197));
#2157=CARTESIAN_POINT('',(6.295,2.997,-6.25));
#2158=CARTESIAN_POINT('',(6.17,2.997,1.625));
#2159=CARTESIAN_POINT('Origin',(6.17,2.997,2.97573108163078E-16));
#2160=CARTESIAN_POINT('',(3.70004787930336,2.997,1.625));
#2161=CARTESIAN_POINT('',(3.20404733466554,2.997,1.625));
#2162=CARTESIAN_POINT('',(3.70004787930336,2.997,-1.625));
#2163=CARTESIAN_POINT('Origin',(0.045,2.997,-1.4432899320127E-15));
#2164=CARTESIAN_POINT('',(1.96907127431722,2.997,-1.625));
#2165=CARTESIAN_POINT('Origin',(-5.005,-3.503,-6.25));
#2166=CARTESIAN_POINT('',(6.295,-3.503,-6.25));
#2167=CARTESIAN_POINT('',(6.295,-3.503,-6.25));
#2168=CARTESIAN_POINT('',(-5.005,-3.503,-6.25));
#2169=CARTESIAN_POINT('',(-5.005,-3.503,-6.25));
#2170=CARTESIAN_POINT('',(-5.005,-3.503,-6.25));
#2171=CARTESIAN_POINT('Origin',(-6.205,-3.503,-5.05));
#2172=CARTESIAN_POINT('',(-6.205,-3.503,-5.05));
#2173=CARTESIAN_POINT('',(-6.205,-3.503,-5.05));
#2174=CARTESIAN_POINT('',(-6.205,-3.503,-5.05));
#2175=CARTESIAN_POINT('Origin',(-5.005,-3.503,6.25));
#2176=CARTESIAN_POINT('',(-6.205,-3.503,5.05));
#2177=CARTESIAN_POINT('',(-6.205,-3.503,5.05));
#2178=CARTESIAN_POINT('',(-5.005,-3.503,6.25));
#2179=CARTESIAN_POINT('',(-5.005,-3.503,6.25));
#2180=CARTESIAN_POINT('',(-5.005,-3.503,6.25));
#2181=CARTESIAN_POINT('Origin',(6.295,-3.503,6.25));
#2182=CARTESIAN_POINT('',(6.295,-3.503,6.25));
#2183=CARTESIAN_POINT('',(6.295,-3.503,6.25));
#2184=CARTESIAN_POINT('',(6.295,-3.503,6.25));
#2185=CARTESIAN_POINT('Origin',(6.295,-3.503,-6.25));
#2186=CARTESIAN_POINT('',(6.295,-3.403,-1.01));
#2187=CARTESIAN_POINT('',(6.295,-3.503,-1.01));
#2188=CARTESIAN_POINT('',(6.295,-3.503,-1.01));
#2189=CARTESIAN_POINT('',(6.295,-3.503,-6.25));
#2190=CARTESIAN_POINT('',(6.295,2.997,-6.25));
#2191=CARTESIAN_POINT('',(6.295,-3.503,1.01));
#2192=CARTESIAN_POINT('',(6.295,-3.503,-6.25));
#2193=CARTESIAN_POINT('',(6.295,-3.403,1.01));
#2194=CARTESIAN_POINT('',(6.295,-3.503,1.01));
#2195=CARTESIAN_POINT('',(6.295,-3.403,-3.125));
#2196=CARTESIAN_POINT('Origin',(-5.505,-3.503,3.84081169079632));
#2197=CARTESIAN_POINT('',(-5.505,-3.253,-3.84081169079632));
#2198=CARTESIAN_POINT('',(-5.505,-3.253,3.84081169079632));
#2199=CARTESIAN_POINT('',(-5.505,-3.253,1.92040584539816));
#2200=CARTESIAN_POINT('',(-5.505,-3.503,3.84081169079632));
#2201=CARTESIAN_POINT('',(-5.505,-3.503,3.84081169079632));
#2202=CARTESIAN_POINT('',(-5.505,-3.503,1.01));
#2203=CARTESIAN_POINT('',(-5.505,-3.503,1.92040584539816));
#2204=CARTESIAN_POINT('',(-5.505,-3.403,1.01));
#2205=CARTESIAN_POINT('',(-5.505,-3.503,1.01));
#2206=CARTESIAN_POINT('',(-5.505,-3.403,-1.01));
#2207=CARTESIAN_POINT('',(-5.505,-3.403,1.92040584539816));
#2208=CARTESIAN_POINT('',(-5.505,-3.503,-1.01));
#2209=CARTESIAN_POINT('',(-5.505,-3.503,-1.01));
#2210=CARTESIAN_POINT('',(-5.505,-3.503,-3.84081169079632));
#2211=CARTESIAN_POINT('',(-5.505,-3.503,1.92040584539816));
#2212=CARTESIAN_POINT('',(-5.505,-3.503,-3.84081169079632));
#2213=CARTESIAN_POINT('Origin',(-3.79581169079632,-3.503,-5.55));
#2214=CARTESIAN_POINT('',(5.595,-3.253,-5.55));
#2215=CARTESIAN_POINT('',(-3.79581169079632,-3.253,-5.55));
#2216=CARTESIAN_POINT('',(-1.73007216953527,-3.253,-5.55));
#2217=CARTESIAN_POINT('',(5.595,-2.903,-5.55));
#2218=CARTESIAN_POINT('',(5.595,-3.503,-5.55));
#2219=CARTESIAN_POINT('',(-3.79581169079632,-2.903,-5.55));
#2220=CARTESIAN_POINT('',(-1.73007216953527,-2.903,-5.55));
#2221=CARTESIAN_POINT('',(-3.79581169079632,-3.503,-5.55));
#2222=CARTESIAN_POINT('Origin',(5.595,-3.503,5.55));
#2223=CARTESIAN_POINT('',(-3.79581169079632,-3.253,5.55));
#2224=CARTESIAN_POINT('',(5.595,-3.253,5.55));
#2225=CARTESIAN_POINT('',(2.96533367586289,-3.253,5.55));
#2226=CARTESIAN_POINT('',(-3.79581169079632,-2.903,5.55));
#2227=CARTESIAN_POINT('',(-3.79581169079632,-3.503,5.55));
#2228=CARTESIAN_POINT('',(5.595,-2.903,5.55));
#2229=CARTESIAN_POINT('',(2.96533367586289,-2.903,5.55));
#2230=CARTESIAN_POINT('',(5.595,-3.503,5.55));
#2231=CARTESIAN_POINT('Origin',(-5.505,-3.503,-3.84081169079632));
#2232=CARTESIAN_POINT('',(-5.00503608476764,-3.253,-4.34077560602868));
#2233=CARTESIAN_POINT('',(-3.79581169079632,-3.503,-5.55));
#2234=CARTESIAN_POINT('',(-5.02942925536631,-3.503,-4.31638243543001));
#2235=CARTESIAN_POINT('',(-3.79581169079632,-3.503,-5.55));
#2236=CARTESIAN_POINT('Origin',(-3.79581169079632,-3.503,5.55));
#2237=CARTESIAN_POINT('',(-4.15044193016579,-3.253,5.19536976063053));
#2238=CARTESIAN_POINT('',(-3.79581169079632,-3.503,5.55));
#2239=CARTESIAN_POINT('',(-3.79581169079632,-3.503,5.55));
#2240=CARTESIAN_POINT('',(-4.17483510076447,-3.503,5.17097659003185));
#2241=CARTESIAN_POINT('Origin',(0.335667351725777,-2.903,-8.27116153345742E-16));
#2242=CARTESIAN_POINT('',(5.595,-2.903,-2.775));
#2243=CARTESIAN_POINT('',(-5.505,-2.903,3.84081169079632));
#2244=CARTESIAN_POINT('',(-4.15044193016579,-2.903,5.19536976063053));
#2245=CARTESIAN_POINT('',(-5.505,-2.903,-3.84081169079632));
#2246=CARTESIAN_POINT('',(-5.505,-2.903,1.92040584539816));
#2247=CARTESIAN_POINT('',(-5.00503608476764,-2.903,-4.34077560602868));
#2248=CARTESIAN_POINT('',(0.301194626639463,-2.903,0.270353726021796));
#2249=CARTESIAN_POINT('',(0.301194626639463,-2.903,-0.270353726021796));
#2250=CARTESIAN_POINT('Ctrl Pts',(0.301194626639463,-2.903,0.270353726021796));
#2251=CARTESIAN_POINT('Ctrl Pts',(0.374395789982201,-2.903,0.200986290299252));
#2252=CARTESIAN_POINT('Ctrl Pts',(0.460648823035674,-2.903,-1.64156522841132E-16));
#2253=CARTESIAN_POINT('Ctrl Pts',(0.374395789982201,-2.903,-0.200986290299252));
#2254=CARTESIAN_POINT('Ctrl Pts',(0.301194626639463,-2.903,-0.270353726021796));
#2255=CARTESIAN_POINT('',(-0.177406111828513,-2.903,-0.298768046005802));
#2256=CARTESIAN_POINT('Ctrl Pts',(0.301194626639463,-2.903,-0.270353726021796));
#2257=CARTESIAN_POINT('Ctrl Pts',(0.238182898691461,-2.903,-0.330065372512084));
#2258=CARTESIAN_POINT('Ctrl Pts',(0.0689406956613554,-2.903,-0.403248595405812));
#2259=CARTESIAN_POINT('Ctrl Pts',(-0.107771817855601,-2.903,-0.350604555229209));
#2260=CARTESIAN_POINT('Ctrl Pts',(-0.177406111828513,-2.903,-0.298768046005802));
#2261=CARTESIAN_POINT('',(-0.266202245658882,-2.903,-0.20464600213459));
#2262=CARTESIAN_POINT('Ctrl Pts',(-0.177406111828513,-2.903,-0.298768046005802));
#2263=CARTESIAN_POINT('Ctrl Pts',(-0.212181115365354,-2.903,-0.272881163426327));
#2264=CARTESIAN_POINT('Ctrl Pts',(-0.242382544913868,-2.903,-0.240868280045965));
#2265=CARTESIAN_POINT('Ctrl Pts',(-0.266202245658882,-2.903,-0.204646002134591));
#2266=CARTESIAN_POINT('',(-0.266202245658883,-2.903,0.20464600213459));
#2267=CARTESIAN_POINT('Ctrl Pts',(-0.266202245658882,-2.903,-0.20464600213459));
#2268=CARTESIAN_POINT('Ctrl Pts',(-0.311551647957802,-2.903,-0.135683815297291));
#2269=CARTESIAN_POINT('Ctrl Pts',(-0.349031489210699,-2.903,0.012013341557076));
#2270=CARTESIAN_POINT('Ctrl Pts',(-0.300214297383072,-2.903,0.152924362006615));
#2271=CARTESIAN_POINT('Ctrl Pts',(-0.266202245658883,-2.903,0.20464600213459));
#2272=CARTESIAN_POINT('',(-0.177406111828513,-2.903,0.298768046005801));
#2273=CARTESIAN_POINT('Ctrl Pts',(-0.266202245658883,-2.903,0.20464600213459));
#2274=CARTESIAN_POINT('Ctrl Pts',(-0.242382544913869,-2.903,0.240868280045964));
#2275=CARTESIAN_POINT('Ctrl Pts',(-0.212181115365354,-2.903,0.272881163426326));
#2276=CARTESIAN_POINT('Ctrl Pts',(-0.177406111828513,-2.903,0.298768046005802));
#2277=CARTESIAN_POINT('Ctrl Pts',(-0.177406111828513,-2.903,0.298768046005801));
#2278=CARTESIAN_POINT('Ctrl Pts',(-0.107771817855602,-2.903,0.350604555229208));
#2279=CARTESIAN_POINT('Ctrl Pts',(0.068940695661355,-2.903,0.403248595405812));
#2280=CARTESIAN_POINT('Ctrl Pts',(0.238182898691461,-2.903,0.330065372512084));
#2281=CARTESIAN_POINT('Ctrl Pts',(0.301194626639463,-2.903,0.270353726021796));
#2282=CARTESIAN_POINT('',(-4.305,-2.903,-1.));
#2283=CARTESIAN_POINT('',(-4.505,-2.903,-1.));
#2284=CARTESIAN_POINT('',(-1.98466632413711,-2.903,-1.));
#2285=CARTESIAN_POINT('',(-4.505,-2.903,1.));
#2286=CARTESIAN_POINT('',(-4.505,-2.903,-0.500000000000001));
#2287=CARTESIAN_POINT('',(-4.305,-2.903,1.));
#2288=CARTESIAN_POINT('',(-2.08466632413711,-2.903,1.));
#2289=CARTESIAN_POINT('',(-4.305,-2.903,0.5));
#2290=CARTESIAN_POINT('',(4.395,-2.903,1.));
#2291=CARTESIAN_POINT('',(4.595,-2.903,1.));
#2292=CARTESIAN_POINT('',(2.36533367586289,-2.903,0.999999999999999));
#2293=CARTESIAN_POINT('',(4.595,-2.903,-1.));
#2294=CARTESIAN_POINT('',(4.595,-2.903,0.5));
#2295=CARTESIAN_POINT('',(4.395,-2.903,-1.));
#2296=CARTESIAN_POINT('',(2.46533367586289,-2.903,-1.));
#2297=CARTESIAN_POINT('',(4.395,-2.903,-0.500000000000001));
#2298=CARTESIAN_POINT('Origin',(4.395,-2.403,-1.));
#2299=CARTESIAN_POINT('',(4.395,-3.17198240761453,-1.));
#2300=CARTESIAN_POINT('',(4.395,-3.17198240761453,1.));
#2301=CARTESIAN_POINT('Ctrl Pts',(4.3949764248895,-3.17198240761453,-0.999964906097212));
#2302=CARTESIAN_POINT('Ctrl Pts',(4.39499349767619,-3.17191438144027,-0.665037536234699));
#2303=CARTESIAN_POINT('Ctrl Pts',(4.39501461981549,-3.17188036835315,-0.332518865953198));
#2304=CARTESIAN_POINT('Ctrl Pts',(4.39501461981549,-3.17188036835315,-1.13573254596921E-16));
#2305=CARTESIAN_POINT('Ctrl Pts',(4.39501461981549,-3.17188036835315,0.332518865953199));
#2306=CARTESIAN_POINT('Ctrl Pts',(4.39499349767619,-3.17191438144027,0.665037536234699));
#2307=CARTESIAN_POINT('Ctrl Pts',(4.3949764248895,-3.17198240761453,0.999964906097213));
#2308=CARTESIAN_POINT('',(4.395,-2.403,1.));
#2309=CARTESIAN_POINT('',(4.395,-2.403,-1.));
#2310=CARTESIAN_POINT('Origin',(-4.305,-2.403,1.));
#2311=CARTESIAN_POINT('',(-4.305,-3.17198947629572,1.));
#2312=CARTESIAN_POINT('',(-4.305,-3.17198947629572,-1.));
#2313=CARTESIAN_POINT('Ctrl Pts',(-4.3050048288953,-3.17198947629572,0.999992833101569));
#2314=CARTESIAN_POINT('Ctrl Pts',(-4.30500748698446,-3.17194798556184,0.808887324649745));
#2315=CARTESIAN_POINT('Ctrl Pts',(-4.3050095505475,-3.17191832770829,0.618618958876867));
#2316=CARTESIAN_POINT('Ctrl Pts',(-4.30500708423196,-3.17190050273508,0.428710048026879));
#2317=CARTESIAN_POINT('Ctrl Pts',(-4.30500162619537,-3.17186105548903,0.00843544549931347));
#2318=CARTESIAN_POINT('Ctrl Pts',(-4.30497758004592,-3.17187955992939,-0.410078454188149));
#2319=CARTESIAN_POINT('Ctrl Pts',(-4.30497103308744,-3.17195601605614,-0.832005814838797));
#2320=CARTESIAN_POINT('Ctrl Pts',(-4.30497016521884,-3.17196615112451,-0.887936749754003));
#2321=CARTESIAN_POINT('Ctrl Pts',(-4.30496953039299,-3.1719773045377,-0.94392767403873));
#2322=CARTESIAN_POINT('Ctrl Pts',(-4.30496914595806,-3.17198947629572,-0.999990650489223));
#2323=CARTESIAN_POINT('',(-4.305,-2.403,-1.));
#2324=CARTESIAN_POINT('',(-4.305,-2.403,1.));
#2325=CARTESIAN_POINT('Origin',(5.595,-3.503,-5.55));
#2326=CARTESIAN_POINT('',(5.595,-3.253,-2.775));
#2327=CARTESIAN_POINT('Origin',(0.238094669331083,-3.503,-4.5102810375397E-16));
#2328=CARTESIAN_POINT('',(-6.205,-3.503,-1.01));
#2329=CARTESIAN_POINT('',(-2.98345266533446,-3.503,-1.01));
#2330=CARTESIAN_POINT('',(-6.205,-3.503,5.05));
#2331=CARTESIAN_POINT('',(5.595,-3.503,-1.01));
#2332=CARTESIAN_POINT('',(2.91654733466554,-3.503,-1.01));
#2333=CARTESIAN_POINT('',(5.595,-3.503,-5.55));
#2334=CARTESIAN_POINT('',(5.595,-3.503,-2.775));
#2335=CARTESIAN_POINT('',(-1.77885851073262,-3.503,-5.55));
#2336=CARTESIAN_POINT('Origin',(0.238094669331083,-3.503,-4.5102810375397E-16));
#2337=CARTESIAN_POINT('',(-6.205,-3.503,1.01));
#2338=CARTESIAN_POINT('',(-2.63345266533446,-3.503,1.01));
#2339=CARTESIAN_POINT('',(5.595,-3.503,5.55));
#2340=CARTESIAN_POINT('',(2.91654733466554,-3.503,5.55));
#2341=CARTESIAN_POINT('',(5.595,-3.503,1.01));
#2342=CARTESIAN_POINT('',(5.595,-3.503,-2.775));
#2343=CARTESIAN_POINT('',(3.26654733466554,-3.503,1.01));
#2344=CARTESIAN_POINT('',(-6.205,-3.503,5.05));
#2345=CARTESIAN_POINT('Origin',(-6.205,-3.503,5.05));
#2346=CARTESIAN_POINT('',(-6.205,-3.403,-1.01));
#2347=CARTESIAN_POINT('',(-6.205,-3.503,-1.01));
#2348=CARTESIAN_POINT('',(-6.205,-3.403,1.01));
#2349=CARTESIAN_POINT('',(-6.205,-3.403,2.525));
#2350=CARTESIAN_POINT('',(-6.205,-3.503,1.01));
#2351=CARTESIAN_POINT('Origin',(5.945,-3.403,-1.12834578282124E-15));
#2352=CARTESIAN_POINT('',(5.595,-3.403,1.01));
#2353=CARTESIAN_POINT('',(6.295,-3.403,1.01));
#2354=CARTESIAN_POINT('',(5.595,-3.403,-1.01));
#2355=CARTESIAN_POINT('',(5.595,-3.403,-2.775));
#2356=CARTESIAN_POINT('',(5.595,-3.403,-1.01));
#2357=CARTESIAN_POINT('Origin',(5.595,-3.503,-1.01));
#2358=CARTESIAN_POINT('',(5.595,-3.503,-1.01));
#2359=CARTESIAN_POINT('Origin',(6.295,-3.503,1.01));
#2360=CARTESIAN_POINT('',(5.595,-3.503,1.01));
#2361=CARTESIAN_POINT('Origin',(-5.855,-3.403,-1.14430152816178E-15));
#2362=CARTESIAN_POINT('',(-6.205,-3.403,1.01));
#2363=CARTESIAN_POINT('',(-5.505,-3.403,-1.01));
#2364=CARTESIAN_POINT('Origin',(-6.205,-3.503,-1.01));
#2365=CARTESIAN_POINT('Origin',(-5.505,-3.503,1.01));
#2366=CARTESIAN_POINT('Origin',(6.595,-3.503,1.));
#2367=CARTESIAN_POINT('',(6.595,-3.203,-1.));
#2368=CARTESIAN_POINT('',(6.595,-3.203,1.));
#2369=CARTESIAN_POINT('',(6.595,-3.203,0.5));
#2370=CARTESIAN_POINT('',(6.595,-0.00300000000000022,-1.));
#2371=CARTESIAN_POINT('',(6.595,-3.503,-1.));
#2372=CARTESIAN_POINT('',(6.595,-0.00300000000000022,1.));
#2373=CARTESIAN_POINT('',(6.595,-0.00300000000000022,1.));
#2374=CARTESIAN_POINT('',(6.595,-3.503,1.));
#2375=CARTESIAN_POINT('Origin',(-6.505,-3.503,-1.));
#2376=CARTESIAN_POINT('',(-6.505,-3.203,1.));
#2377=CARTESIAN_POINT('',(-6.505,-3.203,-1.));
#2378=CARTESIAN_POINT('',(-6.505,-3.203,-0.5));
#2379=CARTESIAN_POINT('',(-6.505,-0.00300000000000022,0.999999999999999));
#2380=CARTESIAN_POINT('',(-6.505,-3.503,1.));
#2381=CARTESIAN_POINT('',(-6.505,-0.00300000000000022,-1.));
#2382=CARTESIAN_POINT('',(-6.505,-0.00300000000000022,-1.));
#2383=CARTESIAN_POINT('',(-6.505,-3.503,-1.));
#2384=CARTESIAN_POINT('Origin',(-6.405,-0.00300000000000022,-9.59302082215174E-16));
#2385=CARTESIAN_POINT('',(-6.305,-0.00300000000000022,-1.));
#2386=CARTESIAN_POINT('',(-6.305,-0.00300000000000022,-1.));
#2387=CARTESIAN_POINT('',(-6.305,-0.00300000000000022,0.999999999999999));
#2388=CARTESIAN_POINT('',(-6.505,-0.00300000000000022,0.999999999999999));
#2389=CARTESIAN_POINT('',(-6.305,-0.00300000000000022,0.999999999999999));
#2390=CARTESIAN_POINT('Origin',(6.495,-0.00300000000000022,-3.90785888497321E-16));
#2391=CARTESIAN_POINT('',(6.395,-0.00300000000000022,1.));
#2392=CARTESIAN_POINT('',(6.395,-0.00300000000000022,-1.));
#2393=CARTESIAN_POINT('',(6.395,-0.00300000000000022,-1.));
#2394=CARTESIAN_POINT('',(6.395,-0.00300000000000022,1.));
#2395=CARTESIAN_POINT('',(6.595,-0.00300000000000022,-1.));
#2396=CARTESIAN_POINT('Origin',(6.395,-3.503,1.));
#2397=CARTESIAN_POINT('',(6.395,-3.253,1.));
#2398=CARTESIAN_POINT('',(6.395,-3.253,-1.));
#2399=CARTESIAN_POINT('',(6.395,-3.253,0.5));
#2400=CARTESIAN_POINT('',(6.395,-3.503,1.));
#2401=CARTESIAN_POINT('',(6.395,-3.503,-1.));
#2402=CARTESIAN_POINT('Origin',(6.145,-3.253,0.5));
#2403=CARTESIAN_POINT('',(6.145,-3.503,1.));
#2404=CARTESIAN_POINT('Origin',(6.145,-3.253,1.));
#2405=CARTESIAN_POINT('',(6.145,-3.503,-1.));
#2406=CARTESIAN_POINT('Origin',(6.145,-3.253,-1.));
#2407=CARTESIAN_POINT('',(6.145,-3.503,0.5));
#2408=CARTESIAN_POINT('Origin',(5.495,-3.503,1.70168112405344E-16));
#2409=CARTESIAN_POINT('',(4.845,-3.503,1.));
#2410=CARTESIAN_POINT('',(4.845,-3.503,-1.));
#2411=CARTESIAN_POINT('',(4.845,-3.503,0.5));
#2412=CARTESIAN_POINT('',(6.595,-3.503,1.));
#2413=CARTESIAN_POINT('',(4.395,-3.503,-1.));
#2414=CARTESIAN_POINT('Origin',(4.845,-3.253,0.5));
#2415=CARTESIAN_POINT('',(4.595,-3.253,1.));
#2416=CARTESIAN_POINT('Origin',(4.845,-3.253,1.));
#2417=CARTESIAN_POINT('',(4.595,-3.253,-1.));
#2418=CARTESIAN_POINT('Origin',(4.845,-3.253,-1.));
#2419=CARTESIAN_POINT('',(4.595,-3.253,0.5));
#2420=CARTESIAN_POINT('Origin',(-6.305,-3.503,-1.));
#2421=CARTESIAN_POINT('',(-6.305,-3.253,-1.));
#2422=CARTESIAN_POINT('',(-6.305,-3.253,1.));
#2423=CARTESIAN_POINT('',(-6.305,-3.253,-0.5));
#2424=CARTESIAN_POINT('',(-6.305,-3.503,-1.));
#2425=CARTESIAN_POINT('',(-6.305,-3.503,1.));
#2426=CARTESIAN_POINT('Origin',(-6.055,-3.253,-0.5));
#2427=CARTESIAN_POINT('',(-6.055,-3.503,-1.));
#2428=CARTESIAN_POINT('Origin',(-6.055,-3.253,-1.));
#2429=CARTESIAN_POINT('',(-6.055,-3.503,1.));
#2430=CARTESIAN_POINT('Origin',(-6.055,-3.253,1.));
#2431=CARTESIAN_POINT('',(-6.055,-3.503,-0.5));
#2432=CARTESIAN_POINT('Origin',(-5.405,-3.503,-3.46944695195361E-17));
#2433=CARTESIAN_POINT('',(-4.755,-3.503,-1.));
#2434=CARTESIAN_POINT('',(-4.755,-3.503,1.));
#2435=CARTESIAN_POINT('',(-4.755,-3.503,-0.5));
#2436=CARTESIAN_POINT('',(-6.505,-3.503,-1.));
#2437=CARTESIAN_POINT('',(-4.305,-3.503,1.));
#2438=CARTESIAN_POINT('Origin',(-4.755,-3.253,-0.5));
#2439=CARTESIAN_POINT('',(-4.505,-3.253,-1.));
#2440=CARTESIAN_POINT('Origin',(-4.755,-3.253,-1.));
#2441=CARTESIAN_POINT('',(-4.505,-3.253,1.));
#2442=CARTESIAN_POINT('Origin',(-4.755,-3.253,1.));
#2443=CARTESIAN_POINT('',(-4.505,-3.253,-0.5));
#2444=CARTESIAN_POINT('Origin',(6.095,-3.203,0.5));
#2445=CARTESIAN_POINT('',(6.095,-3.703,-1.));
#2446=CARTESIAN_POINT('Origin',(6.095,-3.203,-1.));
#2447=CARTESIAN_POINT('',(6.095,-3.703,1.));
#2448=CARTESIAN_POINT('Origin',(6.095,-3.203,1.));
#2449=CARTESIAN_POINT('',(6.095,-3.703,0.5));
#2450=CARTESIAN_POINT('Origin',(4.595,-2.403,-1.));
#2451=CARTESIAN_POINT('',(4.39750628144669,-3.253,-1.));
#2452=CARTESIAN_POINT('',(2.46533367586289,-3.253,-1.));
#2453=CARTESIAN_POINT('',(4.895,-3.703,-1.));
#2454=CARTESIAN_POINT('',(4.395,-3.703,-1.));
#2455=CARTESIAN_POINT('Origin',(4.895,-3.203,-1.));
#2456=CARTESIAN_POINT('Origin',(5.495,-3.703,2.2388896893239E-16));
#2457=CARTESIAN_POINT('',(4.895,-3.703,1.));
#2458=CARTESIAN_POINT('',(4.895,-3.703,-0.5));
#2459=CARTESIAN_POINT('',(6.595,-3.703,1.));
#2460=CARTESIAN_POINT('Origin',(4.895,-3.203,-0.5));
#2461=CARTESIAN_POINT('',(4.39750628144669,-3.253,1.));
#2462=CARTESIAN_POINT('',(4.39750628144669,-3.253,-0.5));
#2463=CARTESIAN_POINT('Origin',(4.895,-3.203,1.));
#2464=CARTESIAN_POINT('Origin',(-6.005,-3.203,-0.5));
#2465=CARTESIAN_POINT('',(-6.005,-3.703,1.));
#2466=CARTESIAN_POINT('Origin',(-6.005,-3.203,1.));
#2467=CARTESIAN_POINT('',(-6.005,-3.703,-1.));
#2468=CARTESIAN_POINT('Origin',(-6.005,-3.203,-1.));
#2469=CARTESIAN_POINT('',(-6.005,-3.703,-0.5));
#2470=CARTESIAN_POINT('Origin',(-4.505,-2.403,1.));
#2471=CARTESIAN_POINT('',(-4.30750628144669,-3.253,1.));
#2472=CARTESIAN_POINT('',(-2.08466632413711,-3.253,1.));
#2473=CARTESIAN_POINT('',(-4.805,-3.703,1.));
#2474=CARTESIAN_POINT('',(-4.305,-3.703,1.));
#2475=CARTESIAN_POINT('Origin',(-4.805,-3.203,1.));
#2476=CARTESIAN_POINT('Origin',(-5.405,-3.703,9.71445146547012E-18));
#2477=CARTESIAN_POINT('',(-4.805,-3.703,-1.));
#2478=CARTESIAN_POINT('',(-4.805,-3.703,0.5));
#2479=CARTESIAN_POINT('',(-6.505,-3.703,-1.));
#2480=CARTESIAN_POINT('Origin',(-4.805,-3.203,0.5));
#2481=CARTESIAN_POINT('',(-4.30750628144669,-3.253,-1.));
#2482=CARTESIAN_POINT('',(-4.30750628144669,-3.253,0.5));
#2483=CARTESIAN_POINT('Origin',(-4.805,-3.203,-1.));
#2484=CARTESIAN_POINT('Origin',(-4.505,-2.403,1.));
#2485=CARTESIAN_POINT('',(-4.505,-3.18548335149977,1.));
#2486=CARTESIAN_POINT('Ctrl Pts',(-4.505,-3.18548335149977,1.));
#2487=CARTESIAN_POINT('Ctrl Pts',(-4.43810269104217,-3.18096913139399,1.));
#2488=CARTESIAN_POINT('Ctrl Pts',(-4.37129169216531,-3.17646139422328,1.));
#2489=CARTESIAN_POINT('Ctrl Pts',(-4.305,-3.17198947629572,1.));
#2490=CARTESIAN_POINT('',(-4.505,-2.403,1.));
#2491=CARTESIAN_POINT('Origin',(-4.505,-2.403,-1.));
#2492=CARTESIAN_POINT('',(-4.505,-3.18548335149977,-1.));
#2493=CARTESIAN_POINT('Ctrl Pts',(-4.50497676225725,-3.18548335149977,-0.999993039345332));
#2494=CARTESIAN_POINT('Ctrl Pts',(-4.50497965490502,-3.18540310228471,-0.51460293152505));
#2495=CARTESIAN_POINT('Ctrl Pts',(-4.50500141162111,-3.18538101491329,-0.0340309461854529));
#2496=CARTESIAN_POINT('Ctrl Pts',(-4.50500594867753,-3.18541708938551,0.448706500684636));
#2497=CARTESIAN_POINT('Ctrl Pts',(-4.5050076716568,-3.18543078892144,0.632029459846799));
#2498=CARTESIAN_POINT('Ctrl Pts',(-4.50500624879043,-3.18545287629286,0.815664663901755));
#2499=CARTESIAN_POINT('Ctrl Pts',(-4.50500427790852,-3.18548335149977,0.999994745603141));
#2500=CARTESIAN_POINT('',(-4.505,-2.403,-1.));
#2501=CARTESIAN_POINT('Origin',(-4.305,-2.403,-1.));
#2502=CARTESIAN_POINT('',(-1.98466632413711,-3.253,-1.));
#2503=CARTESIAN_POINT('Origin',(-4.305,-2.403,-1.));
#2504=CARTESIAN_POINT('Ctrl Pts',(-4.305,-3.17198947629572,-1.));
#2505=CARTESIAN_POINT('Ctrl Pts',(-4.37129169216416,-3.1764613942232,-1.));
#2506=CARTESIAN_POINT('Ctrl Pts',(-4.43810269104204,-3.18096913139398,-1.));
#2507=CARTESIAN_POINT('Ctrl Pts',(-4.505,-3.18548335149977,-1.));
#2508=CARTESIAN_POINT('Origin',(4.595,-2.403,-1.));
#2509=CARTESIAN_POINT('',(4.595,-3.18547795117738,-1.));
#2510=CARTESIAN_POINT('Ctrl Pts',(4.595,-3.18547795117738,-1.));
#2511=CARTESIAN_POINT('Ctrl Pts',(4.52810163155695,-3.18096314462623,-1.));
#2512=CARTESIAN_POINT('Ctrl Pts',(4.46128971288479,-3.17645479046682,-1.));
#2513=CARTESIAN_POINT('Ctrl Pts',(4.395,-3.17198240761453,-1.));
#2514=CARTESIAN_POINT('',(4.595,-2.403,-1.));
#2515=CARTESIAN_POINT('Origin',(4.595,-2.403,1.));
#2516=CARTESIAN_POINT('',(4.595,-3.18547795117738,1.));
#2517=CARTESIAN_POINT('Ctrl Pts',(4.59498376514562,-3.18547795117738,0.999974253430137));
#2518=CARTESIAN_POINT('Ctrl Pts',(4.59499674228323,-3.18542619094062,0.665219406169054));
#2519=CARTESIAN_POINT('Ctrl Pts',(4.59501233640811,-3.18540031082224,0.332609767764155));
#2520=CARTESIAN_POINT('Ctrl Pts',(4.59501233640811,-3.18540031082224,0.));
#2521=CARTESIAN_POINT('Ctrl Pts',(4.59501233640811,-3.18540031082224,-0.332609767764156));
#2522=CARTESIAN_POINT('Ctrl Pts',(4.59499674228323,-3.18542619094062,-0.665219406169055));
#2523=CARTESIAN_POINT('Ctrl Pts',(4.59498376514562,-3.18547795117738,-0.999974253430138));
#2524=CARTESIAN_POINT('',(4.595,-2.403,1.));
#2525=CARTESIAN_POINT('Origin',(4.395,-2.403,1.));
#2526=CARTESIAN_POINT('',(2.36533367586289,-3.253,0.999999999999999));
#2527=CARTESIAN_POINT('Origin',(4.395,-2.403,1.));
#2528=CARTESIAN_POINT('Ctrl Pts',(4.395,-3.17198240761453,0.999999999999999));
#2529=CARTESIAN_POINT('Ctrl Pts',(4.46128971288377,-3.17645479046675,0.999999999999999));
#2530=CARTESIAN_POINT('Ctrl Pts',(4.52810163155683,-3.18096314462622,1.));
#2531=CARTESIAN_POINT('Ctrl Pts',(4.595,-3.18547795117738,1.));
#2532=CARTESIAN_POINT('Origin',(-5.505,-3.503,-3.84081169079632));
#2533=CARTESIAN_POINT('',(-5.505,-3.503,-3.84081169079632));
#2534=CARTESIAN_POINT('Origin',(-3.79581169079632,-3.503,-5.55));
#2535=CARTESIAN_POINT('',(5.595,-3.503,-5.55));
#2536=CARTESIAN_POINT('Origin',(-5.505,-3.503,3.84081169079632));
#2537=CARTESIAN_POINT('',(-5.505,-3.503,3.84081169079632));
#2538=CARTESIAN_POINT('Origin',(5.595,-3.503,-5.55));
#2539=CARTESIAN_POINT('',(5.595,-3.503,5.55));
#2540=CARTESIAN_POINT('Origin',(-3.79581169079632,-3.503,5.55));
#2541=CARTESIAN_POINT('Origin',(5.595,-3.503,5.55));
#2542=CARTESIAN_POINT('Ctrl Pts',(-0.177406111828513,-2.903,0.298768046005801));
#2543=CARTESIAN_POINT('Ctrl Pts',(-1.38354130481778,-3.01966666666667,2.0491786973372));
#2544=CARTESIAN_POINT('Ctrl Pts',(-2.58967649780705,-3.13633333333333,3.7995893486686));
#2545=CARTESIAN_POINT('Ctrl Pts',(-3.79581169079632,-3.253,5.55));
#2546=CARTESIAN_POINT('Ctrl Pts',(-0.107771817855602,-2.903,0.350604555229208));
#2547=CARTESIAN_POINT('Ctrl Pts',(-0.81533309904427,-3.01966666666667,2.08359014735178));
#2548=CARTESIAN_POINT('Ctrl Pts',(-1.52311512780826,-3.13633333333333,3.81701440787743));
#2549=CARTESIAN_POINT('Ctrl Pts',(-2.23067640899693,-3.253,5.55));
#2550=CARTESIAN_POINT('Ctrl Pts',(0.068940695661355,-2.903,0.403248595405812));
#2551=CARTESIAN_POINT('Ctrl Pts',(0.345831496840694,-3.01966666666667,2.11893876230006));
#2552=CARTESIAN_POINT('Ctrl Pts',(0.622703353422503,-3.13633333333333,3.83430983310575));
#2553=CARTESIAN_POINT('Ctrl Pts',(0.899594154601842,-3.253,5.55));
#2554=CARTESIAN_POINT('Ctrl Pts',(0.238182898691461,-2.903,0.330065372512084));
#2555=CARTESIAN_POINT('Ctrl Pts',(1.50198647151358,-3.01966666666667,2.06990709248733));
#2556=CARTESIAN_POINT('Ctrl Pts',(2.76606114537849,-3.13633333333333,3.81015828002476));
#2557=CARTESIAN_POINT('Ctrl Pts',(4.02986471820062,-3.253,5.55));
#2558=CARTESIAN_POINT('Ctrl Pts',(0.301194626639463,-2.903,0.270353726021796));
#2559=CARTESIAN_POINT('Ctrl Pts',(2.06579641775964,-3.01966666666667,2.03023581734786));
#2560=CARTESIAN_POINT('Ctrl Pts',(3.83039820887982,-3.13633333333333,3.79011790867393));
#2561=CARTESIAN_POINT('Ctrl Pts',(5.595,-3.253,5.55));
#2562=CARTESIAN_POINT('',(-0.177406111828513,-2.903,0.298768046005801));
#2563=CARTESIAN_POINT('',(2.96533367586289,-3.253,5.55));
#2564=CARTESIAN_POINT('',(0.301194626639463,-2.903,0.270353726021796));
#2565=CARTESIAN_POINT('Ctrl Pts',(-0.266202245658883,-2.903,0.20464600213459));
#2566=CARTESIAN_POINT('Ctrl Pts',(-2.01246816377259,-3.01966666666667,1.4167012316885));
#2567=CARTESIAN_POINT('Ctrl Pts',(-3.75873408188629,-3.13633333333333,2.62875646124241));
#2568=CARTESIAN_POINT('Ctrl Pts',(-5.505,-3.253,3.84081169079632));
#2569=CARTESIAN_POINT('Ctrl Pts',(-0.242382544913869,-2.903,0.240868280045964));
#2570=CARTESIAN_POINT('Ctrl Pts',(-1.80667445466387,-3.01966666666667,1.63075557243717));
#2571=CARTESIAN_POINT('Ctrl Pts',(-3.37097865384877,-3.13633333333333,3.02065383480634));
#2572=CARTESIAN_POINT('Ctrl Pts',(-4.93527056359877,-3.253,4.41054112719755));
#2573=CARTESIAN_POINT('Ctrl Pts',(-0.212181115365354,-2.903,0.272881163426326));
#2574=CARTESIAN_POINT('Ctrl Pts',(-1.59663056383119,-3.01966666666667,1.8420070867021));
#2575=CARTESIAN_POINT('Ctrl Pts',(-2.98109167873171,-3.13633333333333,3.411144640323));
#2576=CARTESIAN_POINT('Ctrl Pts',(-4.36554112719754,-3.253,4.98027056359877));
#2577=CARTESIAN_POINT('Ctrl Pts',(-0.177406111828513,-2.903,0.298768046005802));
#2578=CARTESIAN_POINT('Ctrl Pts',(-1.38354130481778,-3.01966666666667,2.0491786973372));
#2579=CARTESIAN_POINT('Ctrl Pts',(-2.58967649780705,-3.13633333333333,3.7995893486686));
#2580=CARTESIAN_POINT('Ctrl Pts',(-3.79581169079632,-3.253,5.55));
#2581=CARTESIAN_POINT('',(-0.266202245658883,-2.903,0.20464600213459));
#2582=CARTESIAN_POINT('',(-4.15044193016579,-3.253,5.19536976063053));
#2583=CARTESIAN_POINT('Ctrl Pts',(-0.177406111828513,-2.903,-0.298768046005802));
#2584=CARTESIAN_POINT('Ctrl Pts',(-1.38354130481778,-3.01966666666667,-2.0491786973372));
#2585=CARTESIAN_POINT('Ctrl Pts',(-2.58967649780705,-3.13633333333333,-3.7995893486686));
#2586=CARTESIAN_POINT('Ctrl Pts',(-3.79581169079632,-3.253,-5.55));
#2587=CARTESIAN_POINT('Ctrl Pts',(-0.212181115365354,-2.903,-0.272881163426327));
#2588=CARTESIAN_POINT('Ctrl Pts',(-1.59663056383119,-3.01966666666667,-1.84200708670209));
#2589=CARTESIAN_POINT('Ctrl Pts',(-2.98109167873171,-3.13633333333334,-3.41114464032301));
#2590=CARTESIAN_POINT('Ctrl Pts',(-4.36554112719755,-3.253,-4.98027056359877));
#2591=CARTESIAN_POINT('Ctrl Pts',(-0.242382544913868,-2.903,-0.240868280045965));
#2592=CARTESIAN_POINT('Ctrl Pts',(-1.80667445466387,-3.01966666666667,-1.63075557243718));
#2593=CARTESIAN_POINT('Ctrl Pts',(-3.37097865384877,-3.13633333333333,-3.02065383480634));
#2594=CARTESIAN_POINT('Ctrl Pts',(-4.93527056359877,-3.253,-4.41054112719755));
#2595=CARTESIAN_POINT('Ctrl Pts',(-0.266202245658882,-2.903,-0.204646002134591));
#2596=CARTESIAN_POINT('Ctrl Pts',(-2.01246816377259,-3.01966666666667,-1.4167012316885));
#2597=CARTESIAN_POINT('Ctrl Pts',(-3.75873408188629,-3.13633333333333,-2.62875646124241));
#2598=CARTESIAN_POINT('Ctrl Pts',(-5.505,-3.253,-3.84081169079632));
#2599=CARTESIAN_POINT('',(-0.177406111828513,-2.903,-0.298768046005802));
#2600=CARTESIAN_POINT('',(-5.00503608476764,-3.253,-4.34077560602868));
#2601=CARTESIAN_POINT('',(-0.266202245658882,-2.903,-0.20464600213459));
#2602=CARTESIAN_POINT('Ctrl Pts',(0.301194626639463,-2.903,-0.270353726021796));
#2603=CARTESIAN_POINT('Ctrl Pts',(2.06579641775964,-3.01966666666667,-2.03023581734786));
#2604=CARTESIAN_POINT('Ctrl Pts',(3.83039820887982,-3.13633333333333,-3.79011790867393));
#2605=CARTESIAN_POINT('Ctrl Pts',(5.595,-3.253,-5.55));
#2606=CARTESIAN_POINT('Ctrl Pts',(0.238182898691461,-2.903,-0.330065372512084));
#2607=CARTESIAN_POINT('Ctrl Pts',(1.50198647151359,-3.01966666666667,-2.06990709248733));
#2608=CARTESIAN_POINT('Ctrl Pts',(2.76606114537849,-3.13633333333333,-3.81015828002476));
#2609=CARTESIAN_POINT('Ctrl Pts',(4.02986471820061,-3.253,-5.55));
#2610=CARTESIAN_POINT('Ctrl Pts',(0.0689406956613554,-2.903,-0.403248595405812));
#2611=CARTESIAN_POINT('Ctrl Pts',(0.345831496840691,-3.01966666666667,-2.11893876230006));
#2612=CARTESIAN_POINT('Ctrl Pts',(0.622703353422505,-3.13633333333333,-3.83430983310575));
#2613=CARTESIAN_POINT('Ctrl Pts',(0.89959415460184,-3.253,-5.55));
#2614=CARTESIAN_POINT('Ctrl Pts',(-0.107771817855601,-2.903,-0.350604555229209));
#2615=CARTESIAN_POINT('Ctrl Pts',(-0.815333099044269,-3.01966666666667,
-2.08359014735178));
#2616=CARTESIAN_POINT('Ctrl Pts',(-1.52311512780827,-3.13633333333333,-3.81701440787743));
#2617=CARTESIAN_POINT('Ctrl Pts',(-2.23067640899693,-3.253,-5.55));
#2618=CARTESIAN_POINT('Ctrl Pts',(-0.177406111828513,-2.903,-0.298768046005802));
#2619=CARTESIAN_POINT('Ctrl Pts',(-1.38354130481778,-3.01966666666667,-2.0491786973372));
#2620=CARTESIAN_POINT('Ctrl Pts',(-2.58967649780705,-3.13633333333333,-3.7995893486686));
#2621=CARTESIAN_POINT('Ctrl Pts',(-3.79581169079632,-3.253,-5.55));
#2622=CARTESIAN_POINT('',(0.301194626639463,-2.903,-0.270353726021796));
#2623=CARTESIAN_POINT('',(-1.73007216953527,-3.253,-5.55));
#2624=CARTESIAN_POINT('Ctrl Pts',(-0.266202245658882,-2.903,-0.20464600213459));
#2625=CARTESIAN_POINT('Ctrl Pts',(-2.01246816377259,-3.01966666666667,-1.4167012316885));
#2626=CARTESIAN_POINT('Ctrl Pts',(-3.75873408188629,-3.13633333333333,-2.62875646124241));
#2627=CARTESIAN_POINT('Ctrl Pts',(-5.505,-3.253,-3.84081169079632));
#2628=CARTESIAN_POINT('Ctrl Pts',(-0.311551647957802,-2.903,-0.135683815297291));
#2629=CARTESIAN_POINT('Ctrl Pts',(-2.04257853848473,-3.01966666666667,-0.88296660313137));
#2630=CARTESIAN_POINT('Ctrl Pts',(-3.77397310947307,-3.13633333333333,-1.63036254456364));
#2631=CARTESIAN_POINT('Ctrl Pts',(-5.505,-3.253,-2.37764533239772));
#2632=CARTESIAN_POINT('Ctrl Pts',(-0.349031489210699,-2.903,0.012013341557076));
#2633=CARTESIAN_POINT('Ctrl Pts',(-2.0677415390869,-3.01966666666667,0.0689673377890356));
#2634=CARTESIAN_POINT('Ctrl Pts',(-3.7862899501238,-3.13633333333333,0.125941798567865));
#2635=CARTESIAN_POINT('Ctrl Pts',(-5.505,-3.253,0.182895794799824));
#2636=CARTESIAN_POINT('Ctrl Pts',(-0.300214297383072,-2.903,0.152924362006615));
#2637=CARTESIAN_POINT('Ctrl Pts',(-2.03513166520769,-3.01966666666667,1.01640328256298));
#2638=CARTESIAN_POINT('Ctrl Pts',(-3.77008263217539,-3.13633333333333,1.879958001441));
#2639=CARTESIAN_POINT('Ctrl Pts',(-5.505,-3.253,2.74343692199737));
#2640=CARTESIAN_POINT('Ctrl Pts',(-0.266202245658883,-2.903,0.20464600213459));
#2641=CARTESIAN_POINT('Ctrl Pts',(-2.01246816377259,-3.01966666666667,1.4167012316885));
#2642=CARTESIAN_POINT('Ctrl Pts',(-3.75873408188629,-3.13633333333333,2.62875646124241));
#2643=CARTESIAN_POINT('Ctrl Pts',(-5.505,-3.253,3.84081169079632));
#2644=CARTESIAN_POINT('',(-5.505,-3.253,1.92040584539816));
#2645=CARTESIAN_POINT('Ctrl Pts',(0.301194626639463,-2.903,0.270353726021796));
#2646=CARTESIAN_POINT('Ctrl Pts',(2.06579641775964,-3.01966666666667,2.03023581734786));
#2647=CARTESIAN_POINT('Ctrl Pts',(3.83039820887982,-3.13633333333333,3.79011790867393));
#2648=CARTESIAN_POINT('Ctrl Pts',(5.595,-3.253,5.55));
#2649=CARTESIAN_POINT('Ctrl Pts',(0.374395789982201,-2.903,0.200986290299252));
#2650=CARTESIAN_POINT('Ctrl Pts',(2.11433922046754,-3.01966666666667,1.36715622546069));
#2651=CARTESIAN_POINT('Ctrl Pts',(3.85505656951466,-3.13633333333333,2.53383006483856));
#2652=CARTESIAN_POINT('Ctrl Pts',(5.595,-3.253,3.7));
#2653=CARTESIAN_POINT('Ctrl Pts',(0.460648823035674,-2.903,-1.64156522841132E-16));
#2654=CARTESIAN_POINT('Ctrl Pts',(2.17235319412976,-3.01966666666667,-1.97991231895372E-15));
#2655=CARTESIAN_POINT('Ctrl Pts',(3.88329562890591,-3.13633333333333,1.4655552140515E-15));
#2656=CARTESIAN_POINT('Ctrl Pts',(5.595,-3.253,-3.50200582061082E-16));
#2657=CARTESIAN_POINT('Ctrl Pts',(0.374395789982201,-2.903,-0.200986290299252));
#2658=CARTESIAN_POINT('Ctrl Pts',(2.11433922046754,-3.01966666666667,-1.36715622546069));
#2659=CARTESIAN_POINT('Ctrl Pts',(3.85505656951466,-3.13633333333333,-2.53383006483856));
#2660=CARTESIAN_POINT('Ctrl Pts',(5.595,-3.253,-3.7));
#2661=CARTESIAN_POINT('Ctrl Pts',(0.301194626639463,-2.903,-0.270353726021796));
#2662=CARTESIAN_POINT('Ctrl Pts',(2.06579641775964,-3.01966666666667,-2.03023581734786));
#2663=CARTESIAN_POINT('Ctrl Pts',(3.83039820887982,-3.13633333333333,-3.79011790867393));
#2664=CARTESIAN_POINT('Ctrl Pts',(5.595,-3.253,-5.55));
#2665=CARTESIAN_POINT('',(5.595,-3.253,-2.775));
#2666=CARTESIAN_POINT('Origin',(0.335667351725777,-3.253,-6.10622663543836E-16));
#2667=CARTESIAN_POINT('Origin',(1.8011799330672,2.997,-1.18308141061618E-15));
#2668=CARTESIAN_POINT('Origin',(6.17,2.997,2.97573108163078E-16));
#2669=CARTESIAN_POINT('Origin',(1.8011799330672,3.017,-1.20486953747445E-15));
#2670=CARTESIAN_POINT('',(6.17,3.017,1.625));
#2671=CARTESIAN_POINT('',(3.70004787930336,3.017,1.625));
#2672=CARTESIAN_POINT('',(6.17,3.017,1.625));
#2673=CARTESIAN_POINT('',(6.17,3.017,-1.625));
#2674=CARTESIAN_POINT('Origin',(6.17,3.017,2.93132216064577E-16));
#2675=CARTESIAN_POINT('',(3.70004787930336,3.017,-1.625));
#2676=CARTESIAN_POINT('',(3.70004787930336,3.017,-1.625));
#2677=CARTESIAN_POINT('Origin',(0.045,3.017,-1.4477308241112E-15));
#2678=CARTESIAN_POINT('Origin',(6.17,2.997,2.97573108163078E-16));
#2679=CARTESIAN_POINT('',(6.17,2.997,1.625));
#2680=CARTESIAN_POINT('',(6.17,2.997,-1.625));
#2681=CARTESIAN_POINT('Origin',(3.70004787930336,2.997,-1.625));
#2682=CARTESIAN_POINT('',(3.70004787930336,2.997,-1.625));
#2683=CARTESIAN_POINT('Origin',(0.045,2.997,-1.4432899320127E-15));
#2684=CARTESIAN_POINT('',(3.70004787930336,2.997,1.625));
#2685=CARTESIAN_POINT('Origin',(6.17,2.997,1.625));
#2686=CARTESIAN_POINT('Origin',(1.8011799330672,2.997,-1.18308141061618E-15));
#2687=CARTESIAN_POINT('',(1.145,2.997,-1.57800107991891E-15));
#2688=CARTESIAN_POINT('Origin',(0.045,2.997,-1.4432899320127E-15));
#2689=CARTESIAN_POINT('Origin',(0.335667351725777,-2.403,-9.38138455808257E-16));
#2690=CARTESIAN_POINT('',(5.595,-2.403,5.55));
#2691=CARTESIAN_POINT('',(-3.79581169079632,-2.403,5.55));
#2692=CARTESIAN_POINT('',(2.96533367586289,-2.403,5.55));
#2693=CARTESIAN_POINT('',(5.595,-2.403,-5.55));
#2694=CARTESIAN_POINT('',(5.595,-2.403,-2.775));
#2695=CARTESIAN_POINT('',(-3.79581169079632,-2.403,-5.55));
#2696=CARTESIAN_POINT('',(-1.73007216953527,-2.403,-5.55));
#2697=CARTESIAN_POINT('',(-5.505,-2.403,-3.84081169079632));
#2698=CARTESIAN_POINT('',(-5.00503608476764,-2.403,-4.34077560602868));
#2699=CARTESIAN_POINT('',(-5.505,-2.403,3.84081169079632));
#2700=CARTESIAN_POINT('',(-5.505,-2.403,1.92040584539816));
#2701=CARTESIAN_POINT('',(-4.15044193016579,-2.403,5.19536976063053));
#2702=CARTESIAN_POINT('Origin',(-3.79581169079632,-3.503,5.55));
#2703=CARTESIAN_POINT('',(-5.505,2.297,3.84081169079632));
#2704=CARTESIAN_POINT('',(-5.505,-3.503,3.84081169079632));
#2705=CARTESIAN_POINT('',(-3.79581169079632,2.297,5.55));
#2706=CARTESIAN_POINT('',(-5.505,2.297,3.84081169079632));
#2707=CARTESIAN_POINT('',(-3.79581169079632,-3.503,5.55));
#2708=CARTESIAN_POINT('Origin',(-5.505,-3.503,3.84081169079632));
#2709=CARTESIAN_POINT('',(-5.505,2.297,-3.84081169079632));
#2710=CARTESIAN_POINT('',(-5.505,-3.503,-3.84081169079632));
#2711=CARTESIAN_POINT('',(-5.505,2.297,-3.84081169079632));
#2712=CARTESIAN_POINT('Origin',(-5.505,-3.503,-3.84081169079632));
#2713=CARTESIAN_POINT('',(-3.79581169079632,2.297,-5.55));
#2714=CARTESIAN_POINT('',(-3.79581169079632,-3.503,-5.55));
#2715=CARTESIAN_POINT('',(-3.79581169079632,2.297,-5.55));
#2716=CARTESIAN_POINT('Origin',(5.595,-3.503,5.55));
#2717=CARTESIAN_POINT('',(5.595,2.297,5.55));
#2718=CARTESIAN_POINT('',(-3.79581169079632,2.297,5.55));
#2719=CARTESIAN_POINT('',(5.595,-3.503,5.55));
#2720=CARTESIAN_POINT('Origin',(-3.79581169079632,-3.503,-5.55));
#2721=CARTESIAN_POINT('',(5.595,2.297,-5.55));
#2722=CARTESIAN_POINT('',(5.595,-3.503,-5.55));
#2723=CARTESIAN_POINT('',(5.595,2.297,-5.55));
#2724=CARTESIAN_POINT('Origin',(5.595,-3.503,-5.55));
#2725=CARTESIAN_POINT('',(5.595,2.297,5.55));
#2726=CARTESIAN_POINT('Origin',(0.045,2.997,-1.4432899320127E-15));
#2727=CARTESIAN_POINT('',(1.145,2.297,-1.42256985647139E-15));
#2728=CARTESIAN_POINT('',(1.145,2.997,-1.30857878410649E-15));
#2729=CARTESIAN_POINT('Origin',(0.045,2.297,-1.28785870856518E-15));
#2730=CARTESIAN_POINT('Origin',(0.335667351725777,2.297,-1.99485706936315E-15));
#2731=UNCERTAINTY_MEASURE_WITH_UNIT(LENGTH_MEASURE(0.01),#2735,
'DISTANCE_ACCURACY_VALUE',
'Maximum model space distance between geometric entities at asserted c
onnectivities');
#2732=UNCERTAINTY_MEASURE_WITH_UNIT(LENGTH_MEASURE(0.01),#2735,
'DISTANCE_ACCURACY_VALUE',
'Maximum model space distance between geometric entities at asserted c
onnectivities');
#2733=(
GEOMETRIC_REPRESENTATION_CONTEXT(3)
GLOBAL_UNCERTAINTY_ASSIGNED_CONTEXT((#2731))
GLOBAL_UNIT_ASSIGNED_CONTEXT((#2735,#2737,#2738))
REPRESENTATION_CONTEXT('','3D')
);
#2734=(
GEOMETRIC_REPRESENTATION_CONTEXT(3)
GLOBAL_UNCERTAINTY_ASSIGNED_CONTEXT((#2732))
GLOBAL_UNIT_ASSIGNED_CONTEXT((#2735,#2737,#2738))
REPRESENTATION_CONTEXT('','3D')
);
#2735=(
LENGTH_UNIT()
NAMED_UNIT(*)
SI_UNIT(.MILLI.,.METRE.)
);
#2736=(
LENGTH_UNIT()
NAMED_UNIT(*)
SI_UNIT(.CENTI.,.METRE.)
);
#2737=(
NAMED_UNIT(*)
PLANE_ANGLE_UNIT()
SI_UNIT($,.RADIAN.)
);
#2738=(
NAMED_UNIT(*)
SI_UNIT($,.STERADIAN.)
SOLID_ANGLE_UNIT()
);
#2739=SHAPE_DEFINITION_REPRESENTATION(#2740,#2741);
#2740=PRODUCT_DEFINITION_SHAPE('',$,#2743);
#2741=SHAPE_REPRESENTATION('',(#1642),#2733);
#2742=PRODUCT_DEFINITION_CONTEXT('part definition',#2747,'design');
#2743=PRODUCT_DEFINITION('SMI-1324-TW-5V-R','SMI-1324-TW-5V-R-T-R',#2744,
#2742);
#2744=PRODUCT_DEFINITION_FORMATION('',$,#2749);
#2745=PRODUCT_RELATED_PRODUCT_CATEGORY('SMI-1324-TW-5V-R-T-R',
'SMI-1324-TW-5V-R-T-R',(#2749));
#2746=APPLICATION_PROTOCOL_DEFINITION('international standard',
'automotive_design',2009,#2747);
#2747=APPLICATION_CONTEXT(
'Core Data for Automotive Mechanical Design Process');
#2748=PRODUCT_CONTEXT('part definition',#2747,'mechanical');
#2749=PRODUCT('SMI-1324-TW-5V-R','SMI-1324-TW-5V-R-T-R',$,(#2748));
#2750=PRESENTATION_STYLE_ASSIGNMENT((#2756));
#2751=PRESENTATION_STYLE_ASSIGNMENT((#2757));
#2752=PRESENTATION_STYLE_ASSIGNMENT((#2758));
#2753=PRESENTATION_STYLE_ASSIGNMENT((#2759));
#2754=PRESENTATION_STYLE_ASSIGNMENT((#2760));
#2755=PRESENTATION_STYLE_ASSIGNMENT((#2761));
#2756=SURFACE_STYLE_USAGE(.BOTH.,#2770);
#2757=SURFACE_STYLE_USAGE(.BOTH.,#2771);
#2758=SURFACE_STYLE_USAGE(.BOTH.,#2772);
#2759=SURFACE_STYLE_USAGE(.BOTH.,#2773);
#2760=SURFACE_STYLE_USAGE(.BOTH.,#2774);
#2761=SURFACE_STYLE_USAGE(.BOTH.,#2775);
#2762=SURFACE_STYLE_RENDERING_WITH_PROPERTIES($,#2794,(#2766));
#2763=SURFACE_STYLE_RENDERING_WITH_PROPERTIES($,#2795,(#2767));
#2764=SURFACE_STYLE_RENDERING_WITH_PROPERTIES($,#2796,(#2768));
#2765=SURFACE_STYLE_RENDERING_WITH_PROPERTIES($,#2799,(#2769));
#2766=SURFACE_STYLE_TRANSPARENT(0.);
#2767=SURFACE_STYLE_TRANSPARENT(0.480000019073486);
#2768=SURFACE_STYLE_TRANSPARENT(0.);
#2769=SURFACE_STYLE_TRANSPARENT(0.);
#2770=SURFACE_SIDE_STYLE('',(#2776,#2762));
#2771=SURFACE_SIDE_STYLE('',(#2777,#2763));
#2772=SURFACE_SIDE_STYLE('',(#2778,#2764));
#2773=SURFACE_SIDE_STYLE('',(#2779));
#2774=SURFACE_SIDE_STYLE('',(#2780));
#2775=SURFACE_SIDE_STYLE('',(#2781,#2765));
#2776=SURFACE_STYLE_FILL_AREA(#2782);
#2777=SURFACE_STYLE_FILL_AREA(#2783);
#2778=SURFACE_STYLE_FILL_AREA(#2784);
#2779=SURFACE_STYLE_FILL_AREA(#2785);
#2780=SURFACE_STYLE_FILL_AREA(#2786);
#2781=SURFACE_STYLE_FILL_AREA(#2787);
#2782=FILL_AREA_STYLE('',(#2788));
#2783=FILL_AREA_STYLE('',(#2789));
#2784=FILL_AREA_STYLE('',(#2790));
#2785=FILL_AREA_STYLE('',(#2791));
#2786=FILL_AREA_STYLE('',(#2792));
#2787=FILL_AREA_STYLE('',(#2793));
#2788=FILL_AREA_STYLE_COLOUR('',#2794);
#2789=FILL_AREA_STYLE_COLOUR('',#2795);
#2790=FILL_AREA_STYLE_COLOUR('',#2796);
#2791=FILL_AREA_STYLE_COLOUR('',#2797);
#2792=FILL_AREA_STYLE_COLOUR('',#2798);
#2793=FILL_AREA_STYLE_COLOUR('',#2799);
#2794=COLOUR_RGB('',0.749019607843137,0.749019607843137,0.749019607843137);
#2795=COLOUR_RGB('',0.831372549019608,0.811764705882353,0.);
#2796=COLOUR_RGB('',0.937254901960784,0.941176470588235,0.8);
#2797=COLOUR_RGB('',0.486274509803922,0.486274509803922,0.486274509803922);
#2798=COLOUR_RGB('',0.0274509803921569,0.0274509803921569,0.0274509803921569);
#2799=COLOUR_RGB('',0.956862745098039,0.956862745098039,0.956862745098039);
ENDSEC;
END-ISO-10303-21;
